id,title,abstract
1,评论,"总体来说,性价比非常高"
2,评论,暖心的服务与极高的性价比
3,评论,舒适又经济
4,评论,家一般的温馨体验
5,评论,"酒店服务到位设施齐全,周边清静交通便捷"
6,评论,"晚上入住很安静,隔音效果很好"
7,评论,"卫生很干净,安全系数就不用说"
8,评论,温馨居住体验，家的感觉
9,评论,总体还算干净卫生
10,评论,"整体的风格很文艺,壁画很美像地中海风格"
11,评论,客栈很大
12,评论,"房间很宽敞,床也很大"
13,评论,"酒店的性价比还是挺高的,值得推荐"
14,评论,最后离店的时候前台美女还送了一个馅饼
15,评论,干净整洁的被子
16,评论,酒店公共区域装修的也是特别的考究
17,评论,风景是相当不错的
18,评论,值得推荐
19,评论,老板态度也很好
20,评论,"酒店房间比较大,电子锁,床也较大"
21,评论,酒店装修很文艺
22,评论,"床单干净,物品齐全,东西完备"
23,评论,前台服务的小姐姐也是很耐心
24,评论,"安全#我们住在顶楼,很安静也很安全啦"
25,评论,"舒服,很干净卫生"
26,评论,公共区域做的很有特色
27,评论,房间特别干净
28,评论,老板很热情
29,评论,"房间布局合理,三人东西很多都可以摆得下"
30,评论,"很温暖的黄色系,墙上还挂了各种照片"
31,评论,老板人特别好
32,评论,客栈住得很舒心
33,评论,安全，舒适，特别温馨
34,评论,店家服务很好
35,评论,"位置也好找,火车站里面就有来的公交"
36,评论,让我们特别感动
37,评论,很干净
38,评论,酒店离海边很近
39,评论,感觉很安全
40,评论,为店家的服务以及环境点赞
41,评论,"不错,床很软"
42,评论,是来厦门让我感觉服务最好的一家
43,评论,"老板人超好的,房间挺大的,住着非常舒服"
44,评论,小哥免费接送我们
45,评论,干净卫生
46,评论,房间整体很干净
47,评论,"第一次住客棧,覺得比賓館環境還好喲"
48,评论,整个房间都是超级温暖的
49,评论,很温馨，很小资情调
50,评论,装修风格是我最喜欢的简约带点欧式的风格
51,评论,"服务非常好,环境也是棒棒哒"
52,评论,店家很好很热情
53,评论,比较舒服的一次旅行体验
54,评论,很热情
55,评论,老板人超级好
56,评论,"环境也很不错,退房时还有送厦门特产"
57,评论,"床睡起来很舒服,卫浴设备也很棒"
58,评论,"对客栈很满意,装修风格很温馨,环境好"
59,评论,老板很热情
60,评论,整体很干净，很舒服
61,评论,"很喜欢这里的风格,出行方便,离海边很近"
62,评论,"房间里面的布局很温馨,有种家的感觉"
63,评论,"方便快捷,感觉到满满的热情"
64,评论,地方很漂亮
65,评论,"老板超级好,服务特别周到"
66,评论,很好的客栈
67,评论,服务态度好
68,评论,"服务态度超级好,老板人也特别好"
69,评论,很有特色
70,评论,前台姐姐很热情
71,评论,酒店服务非常好
72,评论,很热情很好人的老板
73,评论,老板服务很周到
74,评论,"很喜欢,服务也很好"
75,评论,"位置也可以,靠近海边"
76,评论,环境很好
77,评论,房间不大，但很整洁，装修得很有特色
78,评论,"洗手液、洗衣液,感觉很贴心"
79,评论,装修好而且干净整洁，服务贴心
80,评论,"总体来说很喜欢,他的装修他的布局都很赞"
81,评论,"服务也很好,环境也很干净"
82,评论,"房间很干净,光线也很好"
83,评论,"酒店新开业,感觉比较新"
84,评论,服务很到位
85,评论,环境也很好
86,评论,最好的是晚上比较安静
87,评论,"院里环境很温馨,屋里装修也超温馨"
88,评论,服务特别好
89,评论,这家旅馆最符合我
90,评论,店家很热情
91,评论,最主要的是老板人特别好
92,评论,卫生挺好的
93,评论,庄园装修不错
94,评论,"房间特别干净,风格很时尚温馨"
95,评论,环境、卫生、安全都是比较好的
96,评论,我们离店的时候店长还送了小礼物
97,评论,"住的很舒服,老板态度特别好"
98,评论,地理位置优越
99,评论,酒店很方便
100,评论,客栈的位置很好找的
101,评论,房间空调很好
102,评论,"沙发很柔软舒服,空调很凉爽"
103,评论,客栈服务员很贴心
104,评论,好喜欢
105,评论,"朋友推荐,挺好的,干净,离海边也近"
106,评论,酒店明黄色装修很清新
107,评论,"很不错,第二次来住了"
108,评论,床很舒服
109,评论,老板态度特别好
110,评论,位置还算好找
111,评论,非常满意
112,评论,很好，很舒服
113,评论,这里很赞啊
114,评论,"很舒适,看着温馨,整洁,档次好"
115,评论,性价比很高
116,评论,"帮忙订票,让游客感觉很温暖"
117,评论,很干净很整洁还可以做饭
118,评论,个人觉得安全指数是比较放心的
119,评论,交通也很方便
120,评论,交通很便利
121,评论,"老板特别好,因为不喜欢住底层"
122,评论,真的好评
123,评论,"这是在厦门住的最好的客舍,房间很漂亮"
124,评论,店家服务态度很好
125,评论,"环境可以,也比较文艺"
126,评论,老板人也好
127,评论,很不错的酒店
128,评论,老板很热情
129,评论,老板和前台的女孩非常热情
130,评论,店主很热情
131,评论,"不错,挺好的,接待我们的是一个小帅哥"
132,评论,"对于第一次来的,可能位置不太好找"
133,评论,还给了特别的饮料
134,评论,让我感觉很温暖
135,评论,"老板人很好,行李都有接送"
136,评论,"很不错的一次民宿体现,老板人超好"
137,评论,"一万个好评,环境好,交通便利,服务好"
138,评论,挺好的
139,评论,"房间两张大床睡得舒服,选住这里也不错"
140,评论,"酒店环境不错,出去就是环岛路"
141,评论,"非常好,環境好,態度好"
142,评论,前台大哥提前打电话告诉我怎么去方便
143,评论,"退房后还有小礼物,总体来说很满意"
144,评论,"房间特别干净,床垫很舒服"
145,评论,这或许是我最满意的一次住宿了
146,评论,点评厦门第一港海边度假庄园
147,评论,"服务态度很好,环境不错,跟图片上的一样"
148,评论,"去的时候窗户外面很吵,在装修"
149,评论,"附近小吃很多,公交很方便"
150,评论,交通非常便利
151,评论,都很好
152,评论,老板非常热情
153,评论,"老板好,服务好,房间也超好"
154,评论,出门坐公交去厦大鼓浪屿曾错垵都很方便
155,评论,老板超好
156,评论,"服务周到,非常热心,值得推荐"
157,评论,老板特热情
158,评论,"一家人出行,很方便,前台服务很好"
159,评论,大厅的公共场合好温馨
160,评论,"民宿,有特色,房间很小"
161,评论,房内环境也不错
162,评论,"总之就是一家不错的客栈民宿,值得一住"
163,评论,"老板人好,环境不错,附近海滩特别干净"
164,评论,"干净,整洁,服务好"
165,评论,床很舒服
166,评论,"卫生、服务都还不错,床也舒服"
167,评论,酒店服务很好
168,评论,"老板人特别好,可以自己做饭"
169,评论,这次厦门住的4家店里最舒服的一家
170,评论,"民宿位置很好,老板热情,车接车送"
171,评论,"很温馨的小民宿,交通很方便"
172,评论,"服务好,周围交通方便"
173,评论,"卫生很好,装修风格也不错"
174,评论,"老板很热情,会到外面接,距离海边很近"
175,评论,"感觉非常好,价格也不贵"
176,评论,服务相当周到
177,评论,这次去厦门住得最满意的地方
178,评论,环境很干净
179,评论,坐公交都可以到
180,评论,一家人住很舒服
181,评论,"环境不错,感觉很温馨"
182,评论,"干净卫生,很温馨,性价比很高"
183,评论,服务可以说是很棒了
184,评论,内部装饰很漂亮
185,评论,"这点相当满意,两张单人床非常大"
186,评论,店主很热情
187,评论,"棒棒哒,都挺不错的哟"
188,评论,这点很不错
189,评论,"客栈很有特色,是温馨型的"
190,评论,太好了
191,评论,"老板人挺好热心,临走还送厦门特产"
192,评论,"爸爸妈妈去的,说是不错"
193,评论,"离塔头公交站很近,老板会随时接送"
194,评论,卫生很好
195,评论,"很满意的一次入住,房间干净整洁"
196,评论,老板很热情
197,评论,"服务肯定很热情,入住前有短信提醒"
198,评论,"住宿的房间干净整洁,也比较安静"
199,评论,离海很近
200,评论,办理入住手续很便捷
201,评论,小哥店家都很热情
202,评论,总之在此处住宿安全干净
203,评论,完全的五分好评
204,评论,"地方有点偏,房间比较小"
205,评论,真的特别特别棒的体验
206,评论,老板很热情
207,评论,服务好、很喜欢、满分
208,评论,"客栈环境很好,位置清净,出行也很方便"
209,评论,"老板非常热情,设施齐全"
210,评论,"位置较好,装修风格不错"
211,评论,"周边公交线路很多,四通八达,打车方便"
212,评论,"服务到位,态度很好,环境不错"
213,评论,服务特别好
214,评论,老板人特别好
215,评论,"店家人很好,出门有小吃"
216,评论,风格很小清新
217,评论,"卫生做的很好,感觉很舒适"
218,评论,"老板很热情,交通方便,吃的也算多"
219,评论,会有人来接
220,评论,老板人超级好
221,评论,整体很不错
222,评论,感觉还行
223,评论,"周围餐馆很多,吃饭方便"
224,评论,服务很好，交通很便利，房间很干净
225,评论,"老板人好,总体来说挺不错"
226,评论,环境非常好，店家很客气
227,评论,"服务热情,很满意,值得推荐"
228,评论,"关键是老板很热情,进出都有车接送"
229,评论,老板人不错
230,评论,客栈老板工作人员各种服务态度好
231,评论,"酒店好温馨,卫生干净,服务周到"
232,评论,感觉特别好
233,评论,服务很周到
234,评论,服务人员都挺热情
235,评论,店老板服务态度很好房间也不错
236,评论,服务很好
237,评论,"酒店位置很好,去往各个景点非常方便"
238,评论,"老板很热情,服务很周到,出行很方便"
239,评论,感觉不错
240,评论,"房间挺好,老板服务也很好"
241,评论,交通便利
242,评论,点评厦门第一港海边度假庄园
243,评论,超五星待遇
244,评论,很安静
245,评论,这是我最满意最喜欢的一家
246,评论,装修很地中海风格
247,评论,老板人超级好，环境也是很不错的
248,评论,服务态度很好
249,评论,老板服务很好干净舒服
250,评论,服务很好
251,评论,"晒衣服也很方便,楼下有冰箱"
252,评论,"位置有点偏,装修很有特色,宝宝很喜欢"
253,评论,老板特别热情
254,评论,"房间也不错,就是隔音不太好"
255,评论,点评厦门第一港海边度假庄园
256,评论,店家很细心很热情
257,评论,"环境很好,住宿很舒服"
258,评论,"感觉卫生条件做的很好,什么设备都很齐全"
259,评论,布置的很温馨
260,评论,"很喜欢,老板很赞"
261,评论,"老板特别好,房间很干净"
262,评论,老板很好
263,评论,老板又热心
264,评论,服务超好的
265,评论,"老板人很热情,酒店很温馨"
266,评论,老板很热情
267,评论,房间干净整洁，装潢地中海风格
268,评论,"服务很周到,退房时老板还送了特产馅饼"
269,评论,服务很好
270,评论,"床铺干净卫生,风格很喜欢"
271,评论,"服务挺好的,这个价格还是相对满意"
272,评论,总体来说还是不错的
273,评论,"旅馆的环境不错,服务态度也很好"
274,评论,"环境优美,服务态度很好"
275,评论,"很亲民,不错值得推荐"
276,评论,"服务挺好的,环境还可以"
277,评论,"最后,除了房间有那么一点小,其他"
278,评论,"感觉很好很好很好,舒适,舒服"
279,评论,"奔着好评去的,人民的眼睛果然亮晶晶"
280,评论,环境很不错
281,评论,"服务态度很好,住的也蛮舒适的"
282,评论,"服务很周到,服务人员相当热情招待"
283,评论,"室内空间很大,第一次见到两张双人床"
284,评论,不错的民宿、酒店装修风格很别致
285,评论,老板服务很好
286,评论,床睡着很舒服
287,评论,"环境好,床很舒服"
288,评论,"环境价格都很好,老板也很热情"
289,评论,态度超五星好评
290,评论,整个客栈真的给你很舒服的感觉
291,评论,提供洗衣液的酒店
292,评论,客栈真的很温馨，很有家的感觉
293,评论,"挺好的,一家人去的"
294,评论,"服务不错,有观光车接送"
295,评论,点评厦门第一港海边度假庄园
296,评论,老板人特别好
297,评论,真的超级超级棒
298,评论,"但很干净,装修不错,老板人很好"
299,评论,感觉象是回到了自己家一样舒服
300,评论,"服务特别好,房间干净"
301,评论,住的还不错
302,评论,"第一次住民宿,感觉非常好👍"
303,评论,古香古色非常有年代气息
304,评论,"员工很敬业,出去接我们"
305,评论,"推荐,前台很热情"
306,评论,老板服务很到位
307,评论,四个字概括，宾至如归
308,评论,总体评价五颗星
309,评论,交通卫生安全都还不错
310,评论,"很温馨的客栈,价格很平民,卫生也ok"
311,评论,客栈的公共区域布置非常文艺
312,评论,特价房价格实惠、总之不会后悔的
313,评论,老板服务态度很好
314,评论,环境很不错
315,评论,店家好客气
316,评论,"关键是老板人真的很好,飞机晚点"
317,评论,"有賓至如歸的感覺,真的十分推薦"
318,评论,这个是住的最好的一个地方了
319,评论,老板服务非常热情
320,评论,环境不错
321,评论,"服务态度没得说,环境特别温馨"
322,评论,老板很热情
323,评论,"老板非常热情,服务超级好"
324,评论,房间小，网上看到的图片和现实有区别
325,评论,"服务也很好,有帅哥"
326,评论,机最繁华的曾厝垵就2站程
327,评论,"环境好,干净卫生"
328,评论,"很不错,服务也不错"
329,评论,"民宿很有特点,位置很方便"
330,评论,"老板人很好,环境优美,房间格局很喜欢"
331,评论,交通便利 去哪都很方便
332,评论,"服务周到,老板人很好,推荐大家可以看看"
333,评论,点评厦门第一港海边度假庄园
334,评论,老板老板简直把你当亲朋好友一样招待
335,评论,隔音也不太好
336,评论,"离黄厝海滩很近,去哪都很方便"
337,评论,"店家服务态度很好,周边交通也方便"
338,评论,"最暖心的是店家,一站服务到底"
339,评论,"挺好的,房间在大一点就更好了"
340,评论,床铺软硬适中
341,评论,大写的好评
342,评论,"服务是不错的,店家很热心,交通也很便利"
343,评论,好评率超高的一间私人旅馆
344,评论,点评厦门第一港海边度假庄园
345,评论,"装修小资,卫生整洁干净"
346,评论,"晚上也不会吵,附近有小吃街有很多商铺"
347,评论,酒店老板非常好
348,评论,房间很干净，装修很不错
349,评论,进去第一感觉超级喜欢
350,评论,"车子进去都出不来,图片很误导人"
351,评论,"老板店员服务很好,院子有个休闲区很舒服"
352,评论,客栈布置的很温馨
353,评论,"环境卫生都不错,很安静"
354,评论,"环境、服务都很好,厦门玩,住他家就对了"
355,评论,"卫生干净,床单、毛巾、浴巾都很干净"
356,评论,服务真的特别棒
357,评论,服务态度很好
358,评论,服务态度非常好
359,评论,装修风格独特
360,评论,"服务好,卫生干净,住得比较舒服"
361,评论,"也很近,首选这里吧,环境好,价位便宜"
362,评论,环境好，价格公道，老板人很好
363,评论,整体风格不错
364,评论,"环境还不错,老板人特别好"
365,评论,"干净,热水很好,服务态度很好"
366,评论,"酒店位置不错,离曾厝垵很近"
367,评论,"态度很好,店家很用心"
368,评论,服务很好
369,评论,感觉特好
370,评论,"住宿环境也比较满意,交通方便"
371,评论,前台也是热情招待
372,评论,特别好
373,评论,这家私人宾馆很不错
374,评论,位置稍偏但是住的还是很舒服的
375,评论,有专车来接
376,评论,地段好，环境好，又卫生干净
377,评论,老板人超级好
378,评论,赞赞赞赞赞
379,评论,"普陀寺,码头都很方便"
380,评论,"交通很方便,下次还考虑入住这里哦"
381,评论,"一进院子就感觉来对了,跟图片完全一样"
382,评论,环境不错
383,评论,服务很贴心
384,评论,"交通方便,卫生干净,环境优美😊"
385,评论,环境不错
386,评论,态度很棒
387,评论,服务非常到位
388,评论,"特别好,离店还送饼"
389,评论,老板人特别好
390,评论,"装修风格不错,老板很热情,人很好"
391,评论,不愧是排名最高的客栈
392,评论,"酒店接待很热情,服务周到细致"
393,评论,"商务出行,第一次住民宿,真心不错"
394,评论,"很好,安全,干净,环境很安静"
395,评论,整体感觉特别好
396,评论,"老板人超级好,也很热情"
397,评论,"特别干净,舒服"
398,评论,点评厦门第一港海边度假庄园
399,评论,服务很周到
400,评论,环境非常舒适
401,评论,还是挺不错的
402,评论,真的非常棒了
403,评论,布置的很温馨
404,评论,房间的设施也很满意
405,评论,"服务,卫生都很好"
406,评论,酒店的服务非常好
407,评论,"床很舒服,房间也蛮干净"
408,评论,"重点是服务态度非常好,房间非常干净卫生"
409,评论,这家真的很棒
410,评论,"简直太棒了,老板热情又细心耐心"
411,评论,房间收拾的很干净
412,评论,环境非常好
413,评论,点评厦门第一港海边度假庄园
414,评论,"环境不错,住的很满意"
415,评论,"老板人好很,到了塔头站找不到酒店"
416,评论,"酒店在塔头站附近,交通比较方便"
417,评论,"这家很温馨,有阳台晒衣服是最方便的"
418,评论,"老板很热情,帮忙指名路线"
419,评论,老板人超好
420,评论,酒店服务特别好
421,评论,"交通很方便,店家服务很到位"
422,评论,环境超好没话说，房间也干净
423,评论,无论服务，环境，卫生，都无可挑剔
424,评论,感觉很温馨，服务很贴心
425,评论,房间简单温馨
426,评论,房间很舒适
427,评论,老板很热情
428,评论,配置齐全
429,评论,房间干净
430,评论,有温馨的手绘地图
431,评论,交通很方便
432,评论,交通便利、环境安静、景色优美
433,评论,酒店离海很近
434,评论,老板人很好
435,评论,不得不说这家客栈的服务是很好的
436,评论,非常美好的入住体验
437,评论,非常方便
438,评论,"这第一港是目前最满意的,干静,安静"
439,评论,服务，环境都是一等一的好
440,评论,"很好呀,和朋友一起出去玩的"
441,评论,最让我满意的是居然有一个梳妆台
442,评论,房间是很精致的地中海风格
443,评论,卫生不错
444,评论,"干净整洁,老板人也很热情"
445,评论,很棒的旅社
446,评论,老板和服务人员都非常热情
447,评论,有榻榻米的客栈，比较有特色
448,评论,很温馨也很干净
449,评论,真的很好
450,评论,里面很干净
451,评论,前台美眉很甜、服务也是相当棒的
452,评论,服务态度和环境都很棒
453,评论,去哪都还挺方便
454,评论,干净整洁
455,评论,前台小哥人也很好
456,评论,选这没错
457,评论,"交通便利,出游方便"
458,评论,老板人特别好
459,评论,酒店很温馨
460,评论,"旅行最佳选择,小哥都特别特别热情"
461,评论,房间环境也不错
462,评论,房间床很大舒服
463,评论,房间隔音效果不错
464,评论,很喜欢这里的环境、让人很舒适
465,评论,老板热情
466,评论,老板和前台小哥很有善
467,评论,服务态度非常好
468,评论,房间的风格是符合厦门小资生活的情调哦
469,评论,酒店很温馨
470,评论,总得来说，在客栈里还算不错
471,评论,很漂亮，小哥也很好
472,评论,"老板很热情,送了饮料和特产"
473,评论,有特色，房间很干净
474,评论,"住的非常安心,舒服"
475,评论,"环境很舒服,装修也很有特色"
476,评论,"比较安静,交通方便,小哥负责接送"
477,评论,干净整洁舒适
478,评论,"人非常好,酒店环境也不错"
479,评论,服务很到位
480,评论,"服务态度超级好,性价比很高"
481,评论,果然老板人很好～很热情
482,评论,服务态度非常好
483,评论,服务态度也超好
484,评论,超级赞的宾馆
485,评论,老板很热情
486,评论,客栈服务真的很好
487,评论,服务很好店老板很热情哟
488,评论,服务很热情
489,评论,老板人很好
490,评论,房子的外观非常漂亮
491,评论,"前台美女很贴心,房间也超棒"
492,评论,"给我们介绍攻略,很满意的一次旅行"
493,评论,酒店装修布置灰常有特色，色彩搭配非常温暖
494,评论,位置很好
495,评论,服务态度满分
496,评论,房间很温馨
497,评论,老板也很好
498,评论,"客栈很干净,环境好"
499,评论,老板非常好
500,评论,这家客栈真的超级不错
501,评论,在曾厝塔头算得上是很有特色的一家客栈
502,评论,位置也非常不错
503,评论,房间很干净
504,评论,酒店环境很好
505,评论,还会去住的
506,评论,喝一泡店长的铁观音，浓浓秋香
507,评论,地理位置相当优越
508,评论,店家服务也好的很
509,评论,"进门就觉得这里十分精致,装修风格好喜欢"
510,评论,"房间的摆设不错,装饰也很好"
511,评论,店家态度服务真的要给一千一万个赞
512,评论,"房间很干净,门锁是密码的,住的安全放心"
513,评论,客栈环境特别好
514,评论,感觉很不错
515,评论,前台接送很赞
516,评论,小小的细节掳获了我的心
517,评论,"老板人很热情,今年去厦门一定还住这家"
518,评论,环境超级棒
519,评论,"老板超级热情,住的也很happy"
520,评论,很喜欢这家店
521,评论,房间很好很干净
522,评论,老板服务真的特别好
523,评论,总之非常的好
524,评论,环境很好，装饰漂亮
525,评论,房间也打扫的干净
526,评论,朋友们到厦门肯定强烈推荐大家入住第一港
527,评论,房间装修很唯美
528,评论,价位相当合适
529,评论,"很方便,房间超乎想象的好"
530,评论,去附近的旅游景点都很方便
531,评论,房间里干净卫生
532,评论,"看起来非常的整洁温馨,很有一种家的感觉"
533,评论,硬件软件都没的说
534,评论,房间相当卫生
535,评论,老板人很好
536,评论,"总之,真的不愧是评价最高的酒店"
537,评论,客服人员前台姑娘们很热情很好人
538,评论,美女前台等我们最后一个到才下班
539,评论,"不错,性价比可以"
540,评论,"环境非常不错,晚上附近很多小吃"
541,评论,老板和员工的态度特别好
542,评论,"老板的服务态度特别好,人很热情"
543,评论,出入方便
544,评论,"老板人很好的,住的也很舒服"
545,评论,房间挺大屋子挺大
546,评论,"欧式风格,很有格调"
547,评论,"环境好,服务周到,服务贴心"
548,评论,房间干净整洁，空调效果良好
549,评论,很不错的酒店
550,评论,"服务,环境均不错,赞一个"
551,评论,好温馨好漂亮的
552,评论,"老板人很好,有自己做的厦门攻略"
553,评论,服务非常到位
554,评论,卫生还好
555,评论,真的很不错
556,评论,价格便宜
557,评论,"市内整洁,服务态度很好"
558,评论,"宾馆的环境很好,服务人员也很热情"
559,评论,"很好,除了没窗户有点遗憾"
560,评论,酒店温馨又干净
561,评论,房间很漂亮也卫生
562,评论,点评厦门第一港海边度假庄园
563,评论,酒店很漂亮
564,评论,服务态度超好
565,评论,"床还挺大的,老板人也很好"
566,评论,"床躺着特别舒服,比家里的都舒服"
567,评论,"服务非常贴心,唯一不足就是房间近楼梯间"
568,评论,点评厦门第一港海边度假庄园
569,评论,"交通便利,吃住方便"
570,评论,下次有机会去厦门的话还住那里
571,评论,去了后确实没失望
572,评论,门锁是电子锁，挺放心的
573,评论,价格也很实惠
574,评论,"很好,服务态度好,地方容易找"
575,评论,老板娘服务好热情的
576,评论,客栈的所有人都很热情
577,评论,"服务好,酒店很漂亮"
578,评论,"太小啦,其他都好,厦门的民宿普遍都小"
579,评论,很有特色的名宿
580,评论,房间很漂亮
581,评论,细节做的真的超好
582,评论,服务很贴心
583,评论,老板很好
584,评论,"服务特别好,留下很好的印象"
585,评论,"服务很贴心,卫生很干净,风格很文艺"
586,评论,老板超级热情
587,评论,店家热情
588,评论,"从房子到服务都特别棒,值得入住"
589,评论,环岛路塔头站交通方便
590,评论,房东很热情
591,评论,卫生清洁
592,评论,老板还是开电瓶车来接
593,评论,总体感觉相当不错
594,评论,前台的态度十分好
595,评论,"环境赞,服务好,很贴心"
596,评论,老板很好 环境不错 服务很贴心
597,评论,"交通蛮便利的,老板也很热情好客"
598,评论,服务真的很赞
599,评论,房间干净整洁
600,评论,"老板服务态度很好的,人很热情"
601,评论,环境不错
602,评论,服务也很周到
603,评论,"交通很方便的,房间超级少女心"
604,评论,二樓有個小客廳
605,评论,环境也不错
606,评论,"服务很热情,离店还送特产小吃"
607,评论,"特别像住在家里,哈哈哈,不错"
608,评论,"酒店比较新,周边环境很安静"
609,评论,"门口的海鲜烧烤很棒,老板非常热情"
610,评论,装修得好漂亮啊
611,评论,客服热情接待
612,评论,"100%好评是个什么概念,离海不远"
613,评论,"服务很好,房间很小,厕所没窗有点味道"
614,评论,"服务环境真的不错,很有安全感"
615,评论,服务很贴心
616,评论,"环境赞,服务很贴心"
617,评论,"环境好,老板很贴心,网上照片与实物一致"
618,评论,"老板态度很好,环境好"
619,评论,住的还是很舒服的
620,评论,"老板服务很好,会在路口开车来接"
621,评论,服务也很好
622,评论,"房间不大,但服务很好,老板很热情"
623,评论,"环境不错,老板挺热心的"
624,评论,房间里的设施一应俱全
625,评论,无论前台还是小哥 都是超级热心
626,评论,环境好，干净、卫生
627,评论,"家的感觉,温馨肆溢,踏入草垫,贴切无比"
628,评论,服务周全
629,评论,"老板人超级好,很热情"
630,评论,环境很好，服务很贴心
631,评论,"环境赞,服务很贴心"
632,评论,总之就是很满意啦
633,评论,老板人超级好
634,评论,态度超级好
635,评论,房间干净整洁舒服
636,评论,"来第二次了,房间很干净,老板人很好"
637,评论,比想象中的还要好喔
638,评论,"很有风格情调的民宿,房间也干净"
639,评论,"服务特别好,找不到路老板还开车出来接"
640,评论,房间总体还算干净
641,评论,"店家有人来接,很方便"
642,评论,"很安静,环境也很好的一家酒店"
643,评论,点评厦门第一港海边度假庄园
644,评论,房锁是密码锁感觉很安全
645,评论,这次入住的客栈是最让我们满意的
646,评论,老板服务态度真是太好了
647,评论,"房间比较大,卫生也不错,性价比很高"
648,评论,服务、硬件、软件、真的没得说
649,评论,总体来说一次很完美的入住体验
650,评论,"位置很好找,服务到位"
651,评论,"环境不错,干净,人也很热情"
652,评论,"态度好,宾至如归的感觉,像家一样温馨"
653,评论,店家的服务态度很好
654,评论,店家小哥真的很好
655,评论,服务超级好
656,评论,"环境很好,配套设施齐全,房间也干净整洁"
657,评论,服务很好
658,评论,服务超级好
659,评论,床很大哈哈哈哈哈
660,评论,老板很nice环境很nice
661,评论,老板非常热情，服务好
662,评论,其它都非常好
663,评论,地理位置很好
664,评论,"老板很热情,帮忙抬行李"
665,评论,"两面墙都有大大的窗户,采光通风特别好"
666,评论,非常满意
667,评论,温馨且有爱情海风格的客栈
668,评论,价格也比较实惠
669,评论,房间里设备很齐全
670,评论,"地理位置也很好,总之非常满意"
671,评论,"服务很贴心,老板人很好,总之很满意"
672,评论,房间也很干净
673,评论,"酒店各方面都很好,干净,舒适"
674,评论,很不错的一家客栈
675,评论,服务很好
676,评论,"帅哥好细心,送的小礼物好喜欢"
677,评论,环境好，房间整洁，服务周到贴心
678,评论,"环境赞,服务很贴心"
679,评论,"环境很好,老板很热情,交通挺方便的"
680,评论,"环境赞,服务很贴心,老板人很好"
681,评论,交通便利
682,评论,房间装修很有特色
683,评论,服务一流
684,评论,整体不错
685,评论,第一港的服务太周到了
686,评论,装修有特色
687,评论,房间的设施很齐全
688,评论,天台能晒衣服
689,评论,连住两夜有种在家的感觉
690,评论,"环境不错,员工很热情"
691,评论,前台接待的那位大叔，服务态度简直不要太好
692,评论,"高级的服务,低廉的价格,便利的交通"
693,评论,值得一去
694,评论,老板和员工服务都非常好
695,评论,服务很好
696,评论,"装修不错,很温馨"
697,评论,房间很干净、安静
698,评论,特别看了床单，是干净的
699,评论,房间比较大
700,评论,房子装修风格很喜欢
701,评论,"环境优美,服务很贴心"
702,评论,"环境好,房间大,24小时热水"
703,评论,酒店很漂亮，很干净
704,评论,下次来岛上还会再来哒
705,评论,东西都很新
706,评论,很安静卫生
707,评论,房间干净，住的舒服
708,评论,环境整洁干净
709,评论,这家真的服务很赞
710,评论,环境很好
711,评论,"房间也特别好,干净"
712,评论,服务态度很好很好
713,评论,房间不错
714,评论,老板人很好
715,评论,老板人好
716,评论,"服务好,安静,整个环境不错"
717,评论,"卫生很干净,老板超热情"
718,评论,老板很热情
719,评论,"环境好,卫生好,服务贴心,非常满意"
720,评论,老板很耐心
721,评论,服务不错
722,评论,还有出发老板人很好
723,评论,"民宿,老板很热情"
724,评论,"环境好,干净"
725,评论,服务非常好
726,评论,服务贴心
727,评论,房间的装饰画有清新感觉
728,评论,老板人非常好
729,评论,服务很贴心
730,评论,"态度满分,环境不错"
731,评论,"环境舒服,老板人很好"
732,评论,"环境,服务,位置都非常好"
733,评论,酒店环境也不错
734,评论,店家都很热情
735,评论,非常好的一家客栈
736,评论,"客栈在塔头村子里面,虽然路不是很好找"
737,评论,交通方便
738,评论,老板人很好
739,评论,酒店干净设施齐全
740,评论,房间真的很棒
741,评论,"卫生好,服务好,不错"
742,评论,比较干净，热水一直有，风格也不错
743,评论,真滴不想走，其实还想留
744,评论,洗漱用品都很齐全
745,评论,"客房很好,老板也很好"
746,评论,环境非常好
747,评论,"环境很好,服务也很贴心"
748,评论,"位置好找方便,服务态度好"
749,评论,"热情的叮嘱我们注意事项,表示很暖心"
750,评论,环境很好
751,评论,所有人都很热情，服务周到
752,评论,从价格和装修上都很贴心
753,评论,"坚持出来接我们,很感动"
754,评论,老板伙计都超级热情
755,评论,非常满意
756,评论,房间很干净
757,评论,点评厦门第一港海边度假庄园
758,评论,接送小哥好评，前台妹妹好评，超级棒
759,评论,必须得给个五星好评
760,评论,"态度特别好,小哥,客服都特别热情"
761,评论,"房间干净卫生,老板人很好,服务周到"
762,评论,环境很好
763,评论,"特别特别地温馨,服务也很热情周到"
764,评论,酒店非常好
765,评论,"服务非常热情,环境好"
766,评论,"服务态度很好哦,小哥也很热情"
767,评论,"环境很不错,店家也很贴心,出行都会接送"
768,评论,"房间采光超级好,卫生间装修的很简单"
769,评论,住过那么多家酒店就这家最靠谱
770,评论,酒店很新，卫生条件也好
771,评论,客栈很漂亮很文艺很浪漫
772,评论,客栈东西很全
773,评论,前台美女着装大方服务非常好
774,评论,总体还不错就是了
775,评论,客栈距离公路较远
776,评论,房间不大但是很干净整洁
777,评论,挺不错的
778,评论,点评厦门第一港海边度假庄园
779,评论,"居住环境也是很棒,房间很干净"
780,评论,店铺人热情，接待非常周到
781,评论,服务周到细致
782,评论,干净整洁有设计
783,评论,性价比高
784,评论,"客服态度很好,离店时看我行李那么多"
785,评论,"环境很好也很卫生,顶楼也有晒衣服的地方"
786,评论,"交通便利,服务周到,非常满意"
787,评论,老板人超好
788,评论,"服务态度非常好,价格优惠"
789,评论,"周边吃饭方便,服务不错"
790,评论,"住宿环境温馨,服务态度好,值得住"
791,评论,"环境赞,服务很贴心"
792,评论,还是挺干净的
793,评论,厦门唯一一家全好评的客栈
794,评论,"服务很好,到了以后都有出来接我们"
795,评论,花园式的装修让人感觉很舒服
796,评论,这家客栈的人文气息真的特别浓厚
797,评论,超级满意
798,评论,每一个客房都很干净
799,评论,点评厦门第一港海边度假庄园
800,评论,点评厦门第一港海边度假庄园
801,评论,"环境很棒,服务周到"
802,评论,服务很贴心
803,评论,整体感觉像到家的感觉
804,评论,房间总体不错
805,评论,点评厦门第一港海边度假庄园
806,评论,"很好非常好,老板人很好"
807,评论,服务超赞
808,评论,"环境赞,服务很贴心"
809,评论,点评厦门第一港海边度假庄园
810,评论,服务很贴心
811,评论,"服务人员和小哥都很好,有求必应"
812,评论,"酒店还有一个特别勤劳的小哥,有求必应"
813,评论,"美食美景全在那里,简直方便极了"
814,评论,"各方面都非常好,不愧是0差评客栈"
815,评论,"老板很热情,开着电瓶车去路口接我们"
816,评论,"性价比很高,位置偏了点"
817,评论,"厕所也小,这个比较不好"
818,评论,"酒店老板非常热情,走的时候还送了小礼物"
819,评论,房间也很温馨
820,评论,老板很热情
821,评论,"店家的服务态度很好,整体还不错"
822,评论,非常愉快的一次入住
823,评论,"中间有点小差曲,实际很好找,我们走反了"
824,评论,"干净方便,服务好"
825,评论,对面海边风景真的太好
826,评论,还不错的
827,评论,服务超级棒
828,评论,"环境和房间都很赞,漂亮又干净,服务贴心"
829,评论,"客栈服务不错,有专门电瓶车接送"
830,评论,服务不错
831,评论,然后进去的第一感觉好漂亮好漂亮
832,评论,"可能我们住的是一楼,隔音效果不算太好"
833,评论,总之下次再来一定就这一直住着不换地方了
834,评论,环境赞服务赞老板人很好
835,评论,有点小清新的感觉
836,评论,"环境还不错,服务态度非常的好哦"
837,评论,"老板人很好,环境不错"
838,评论,服务很好
839,评论,"酒店环境还行,性价比不算太高"
840,评论,"总之选对了住宿,发觉什么都很顺利"
841,评论,老板很热情
842,评论,"老板很热心,走的时候还赠送了伴手礼"
843,评论,老板服务周到热情
844,评论,总体来说还是不错
845,评论,房间很温馨
846,评论,"老板很热情,服务相当的好"
847,评论,环境很好
848,评论,店里的人都好好
849,评论,开车的小哥人挺好的又礼貌
850,评论,"小花园很精致,房屋很干净,做得很精致"
851,评论,各方面都很不错
852,评论,"老板娘人很好,热情好客"
853,评论,"很多行李,小哥都一一帮我们搬上房间"
854,评论,店长小李非常热心
855,评论,"老板的态度很好,酒店也很有特色"
856,评论,房间内部也很干净整洁
857,评论,非常不错，环境美，服务好
858,评论,"酒店环境不错卫生条件也好,房间舒服"
859,评论,房间很干净
860,评论,"很喜欢,老板人很好"
861,评论,环境相当满意，非常舒服
862,评论,服务真心的好
863,评论,环境都挺好的
864,评论,老板人很好哦
865,评论,"客栈布置的很漂亮,房间整洁,用品齐全"
866,评论,退房给你当地的特产很贴心
867,评论,"店家好贴心哟,好热心"
868,评论,点评厦门第一港海边度假庄园
869,评论,酒店很不错
870,评论,"环境不错,温馨,舒适,老板热情又贴心"
871,评论,真是太贊了
872,评论,店家服务到位，环境干净整洁
873,评论,房间很温馨
874,评论,"真心不错,环境很好也很卫生"
875,评论,离海边很近
876,评论,"环境不错,离海很近,老板很热情"
877,评论,房间很新也很干净
878,评论,"非常满意,打车去任何景点都方便"
879,评论,"环境优雅,服务质量好"
880,评论,"环境赞,服务很贴心"
881,评论,客栈很温馨
882,评论,"欧式风格,服务特别热情"
883,评论,小哥和前台小姐姐特别热心特别好
884,评论,老板人好
885,评论,"装修格调好温馨,干净舒适,新装修"
886,评论,他们的服务相当贴心
887,评论,前台美女非常贴心
888,评论,"小哥很热情,前台特别好"
889,评论,服务特别周到
890,评论,服务非常好很贴心
891,评论,酒店挺好的
892,评论,"最后一句话,选择第一港没错"
893,评论,"服务很贴心,老板很热情,住宿环境也不错"
894,评论,"服务热情,密码锁保障安全,很好很贴心"
895,评论,店家服务特别好
896,评论,店主很热心
897,评论,店里面的人态度非常好
898,评论,"环境不错,店员很热情"
899,评论,非常喜欢
900,评论,"服务态度很好,前台指路很清晰"
901,评论,"环境,交通,价格,服务都很满意"
902,评论,"整栋楼欧美式装修,老板人很好"
903,评论,这次去厦门唯一令我满意的商家
904,评论,我最难忘的还是他那的床，很软
905,评论,"旅馆很好,里面设施很齐全"
906,评论,环境非常好
907,评论,酒店服务没得说，比五星还赞
908,评论,干净卫生
909,评论,"服务都挺好,离海边特别近"
910,评论,"很干净,服务也很好"
911,评论,"设备都齐全,很新"
912,评论,服务态度非常好
913,评论,很nice的一家店
914,评论,出行坐公交都挺方便
915,评论,房间有经济实惠的
916,评论,"酒店的服务和配套设施齐全,值得推荐"
917,评论,入住时送了四瓶菊花茶
918,评论,"店主人非常好,车接车送"
919,评论,前台人很好，接送的小哥人也很好
920,评论,酒店的设备挺新的
921,评论,有家的感觉
922,评论,"环境优雅,服务真心好,每天接送不厌其烦"
923,评论,感觉温馨贴心
924,评论,"价格不高,服务很好,专车接送,随叫随到"
925,评论,老板人炒鸡炒鸡好
926,评论,员工服务周到，赞一个
927,评论,"环境赞,服务很贴心"
928,评论,"外面交通便利,对面的海很棒"
929,评论,"总体相当满意,有机会下次还要来"
930,评论,"好温馨呀,老板人超好,赞赞赞"
931,评论,房间宽敞，有特色
932,评论,房间可是很特色的
933,评论,第一次感觉进去路有点小
934,评论,算下来很划算的
935,评论,环境优美，服务态度好
936,评论,"房间很文艺气息,前台很热情,来回摆渡"
937,评论,环境和服务很好
938,评论,服务态度好
939,评论,"卫生也不错,家人也说这酒店选的相当不错"
940,评论,这家民宿整体还算不错
941,评论,这家店的老板人很好
942,评论,点评厦门第一港海边度假庄园
943,评论,服务非常好
944,评论,特别温馨
945,评论,老板人好环境很不错
946,评论,"环境很好,服务很周到"
947,评论,小哥超级热情
948,评论,"这里的床很舒服,我们住了五晚睡得都很好"
949,评论,这家店真的很好
950,评论,"不贵还特别干净,我是个有洁癖的人"
951,评论,客栈里的设施，装修5分
952,评论,感觉好贴心
953,评论,这家民宿是我在厦门住过的最有感觉的民宿了
954,评论,服务人员都很热情，心情也很好
955,评论,房间环境也不错
956,评论,我们住的大床房，觉得很漂亮温馨
957,评论,酒店环境挺好 店长服务很好
958,评论,真的是超级棒的客栈
959,评论,酒店的装修风格是我最喜欢的
960,评论,卫生也可以
961,评论,酒店环境好
962,评论,房间布置温馨
963,评论,"赞,电瓶车接送很棒,位置也好找"
964,评论,"店家热情,服务周到,卫生不错,交通方便"
965,评论,掌柜人很好
966,评论,老板人超好
967,评论,"环境不错,老板服务很好"
968,评论,房间里设施很不错 很周到
969,评论,住的很开心
970,评论,"老板人很好,会有电瓶车接送"
971,评论,"服务很好,小哥帮忙取送行李"
972,评论,店家很热情
973,评论,服务态度特别好
974,评论,房间超大住着很舒服
975,评论,"客栈交通便利,去各个景区都很方便"
976,评论,"环境很好,房间的设备齐全,服务周到"
977,评论,"干净舒服,房间类型很多"
978,评论,入住的第一港客栈，必须的五星好评
979,评论,"房间很干净,整体环境不错"
980,评论,"非常好,明年带父母去"
981,评论,"人也很好,有求必应,服务态度非常好"
982,评论,最棒的一次旅游住宿
983,评论,价格优惠
984,评论,"住的一般,蚊子多,隔音效果不好"
985,评论,"服务好,环境好,什么都好,很贴心呢"
986,评论,是我在厦门住的时间最久
987,评论,这家客栈真的非常好
988,评论,精心的布置，温馨而舒适
989,评论,"订了三个房间,总的来说很好"
990,评论,双窗房间很宽敞很温馨
991,评论,第一港的美女帅哥都很热情
992,评论,下次有机会过来还会住这儿
993,评论,"的飞机还送我们出去,总之就是很好"
994,评论,"这里真的很好,第一次来厦门"
995,评论,房间打扫的很干净
996,评论,"新装修,硬件很好"
997,评论,"能有这价位的客栈很不错啦,推荐推荐"
998,评论,小哥服务态度也很好
999,评论,客栈很温馨
1000,评论,"服务贴心,价格合理,非常赞"
1001,评论,服务质量很棒
1002,评论,客栈不管外面还是房间里都非常漂亮
1003,评论,客栈很温馨，客房干净
1004,评论,老板服务非常周到
1005,评论,"非常不错,我们还做晚餐了,有家的味道"
1006,评论,"床单被套都很干净,床软软的睡得很舒服"
1007,评论,"下次还来,店家很客气,环境卫生"
1008,评论,环境特别好
1009,评论,"环境很好,让人觉得温馨"
1010,评论,"服务很好,周到细致"
1011,评论,这个客栈超级棒的
1012,评论,前台美女很漂亮，服务也很给力
1013,评论,非常好的服务
1014,评论,公交方便
1015,评论,风景超好~而且服务态度特别好
1016,评论,"环境不错,有车接送,店家服务态度超好"
1017,评论,"环境赞,服务很贴心"
1018,评论,客栈很漂亮，服务很贴心
1019,评论,干净，安静，够用心
1020,评论,"床也很舒服,必须给五星"
1021,评论,环境很好
1022,评论,"房间很温馨,干净整洁,性价比很高"
1023,评论,"非常棒的旅馆,值得入住"
1024,评论,非常好的客栈
1025,评论,酒店服务很好很热情
1026,评论,"环境不错,卫生也干净"
1027,评论,"都特别不错,服务很贴心,棒极了"
1028,评论,老板服务很到位
1029,评论,"环境赞,服务很贴心"
1030,评论,真心推荐
1031,评论,这家店是我在厦门住的最舒服的一家
1032,评论,一如既往的好
1033,评论,点评厦门第一港海边度假庄园
1034,评论,挺不错的、前台小妹很热心
1035,评论,"服务超好,干净清爽,地中海风格装修"
1036,评论,另外最重要的是老板人非常好
1037,评论,老板人真的很好
1038,评论,"住的最舒服,服务态度也是最好的一家"
1039,评论,各种贴心
1040,评论,服务很好
1041,评论,"卫生很干净,是的我的双床房只要77"
1042,评论,"环境很好,服务也很到位"
1043,评论,"很值得入住的一家客栈,装修不错"
1044,评论,我觉得不错
1045,评论,超级好的一家客栈
1046,评论,服务态度挺好的
1047,评论,"环境赞,服务好,交通便利"
1048,评论,酒店环境很好
1049,评论,"环境很好,服务非常贴心"
1050,评论,"服务态度好,干净,很值得一住"
1051,评论,客栈风格很温馨
1052,评论,"客栈房间很温馨,小巧"
1053,评论,服务特别特别贴心
1054,评论,很清新干净的地中海风格
1055,评论,环境不错哦
1056,评论,干净整洁
1057,评论,客栈总的来说还是很不错的
1058,评论,"离海边也蛮近的,总之大爱"
1059,评论,周围环境安静
1060,评论,服务态度超好的
1061,评论,客栈的位置不错
1062,评论,吧台布置很温馨
1063,评论,老板很热情
1064,评论,"环境很好,住宿很贴心"
1065,评论,性价比非常高的客栈
1066,评论,服务很好
1067,评论,但是真的让人感觉住在家里一样
1068,评论,店里的工作人员态度都挺好
1069,评论,"8分,环境赞,卫生好,服务很贴心"
1070,评论,客栈环境很好
1071,评论,"老板人很好,出去进来都有接送,不错"
1072,评论,"老板人很好,入住还有小礼品"
1073,评论,环境很好的
1074,评论,服务很温心
1075,评论,"真的特别好,环境爱死了,服务态度好到家"
1076,评论,最喜欢楼顶的沙发摇椅
1077,评论,"环境不错,价格合适,自由行选择的好去处"
1078,评论,"住的很舒服,位置也很方便"
1079,评论,"住了一周左右,前台的妹子很好看哦"
1080,评论,"最后还送了伴手礼,赞👍🏻"
1081,评论,店家很好
1082,评论,服务很棒
1083,评论,"很喜欢那边的装修风格,酒店也是新装修的"
1084,评论,"酒店风格很小清新,干净舒服"
1085,评论,设施不错、设计也很好
1086,评论,"环境很好,房间也很漂亮"
1087,评论,卫生间和洗漱台的位置都很小
1088,评论,"客服很热情,唯一不足的就是房间有点小"
1089,评论,超级好
1090,评论,"服务好房间好景色好,反正都很好😄"
1091,评论,"这家服务是我遇到的最好的了,酒店有点偏"
1092,评论,设施齐全
1093,评论,"硬件设施都好好,服务态度也很好"
1094,评论,点评厦门第一港海边度假庄园
1095,评论,环境超级舒适
1096,评论,酒店环境超级好
1097,评论,房间很干净
1098,评论,老板超级nice，临走前还送了特产
1099,评论,服务很好，很有特色，房子很干净
1100,评论,环境很好
1101,评论,空间大，交通方便
1102,评论,总的来说给我感觉就是很好
1103,评论,位置挺方便
1104,评论,"总之住的开心舒服,走得时候还有点不舍"
1105,评论,很漂亮的一家酒店
1106,评论,服务态度好
1107,评论,"房间还不错,早上5点离店的"
1108,评论,"环境很好,服务跟贴心"
1109,评论,"很温馨,老板好礼貌好客"
1110,评论,"环境好,店家人很贴心"
1111,评论,找时间再去
1112,评论,服务很好位置也挺好环境也很好
1113,评论,"有洗衣机天台都很方便,出入交通方便"
1114,评论,房间很大，很干净
1115,评论,非常满意的客栈
1116,评论,"环境很好,房间干净,老板人好,服务周到"
1117,评论,这是我住过最豪华的客栈了
1118,评论,"住的很温馨,有种家的感觉"
1119,评论,房间很新，也很漂亮
1120,评论,"房间的风格也很温馨,遗憾的是没有停车场"
1121,评论,"前台服务特别周到,客栈环境很好"
1122,评论,"房间很漂亮,装修的特别上档次"
1123,评论,环境很好
1124,评论,服务超级好
1125,评论,"有了老板的热情接送,交通不是问题"
1126,评论,房间特别好看
1127,评论,什么都方便
1128,评论,"老板特别热情,服务非常周到"
1129,评论,"这是我住过信价比最高的店,没有之一"
1130,评论,"店家很热情,服务各个方面都非常好"
1131,评论,入住后确实不错
1132,评论,"环境很温馨,我住的大圆房,不错的"
1133,评论,"床大,配置高,很温馨,服务超好"
1134,评论,"环境很好,服务也很多,不错,价格也不贵"
1135,评论,"感觉好甜蜜,房卫生干净,房东好贴心"
1136,评论,"很不错,住的很舒服,房间很漂亮"
1137,评论,房间卫生也很好
1138,评论,环境不错
1139,评论,服务很棒
1140,评论,"必须给五分,给好评"
1141,评论,去了一下就爱上它
1142,评论,"房间卫生,有感觉"
1143,评论,"环境不错,很干净,房间布置的很漂亮"
1144,评论,"老板态度非常好,房间和照片一样"
1145,评论,服务超好
1146,评论,无论是环境还是服务都比较到位
1147,评论,真心点赞
1148,评论,"酒店很温馨,前台的美女也很热情"
1149,评论,"而且特别实惠,给我一种宾至如归的感觉"
1150,评论,包括对厦门行程中会遇到不好现象温馨提醒
1151,评论,"酒店很大,公共区域都特别美"
1152,评论,"个个超有礼貌,总之太感谢你们了"
1153,评论,"环境很不错,房间也很干净"
1154,评论,服务很好
1155,评论,地方安静
1156,评论,非常清新雅致的客栈
1157,评论,"很温馨,服务态度非常好"
1158,评论,"服务很贴心,感觉非常舒服"
1159,评论,酒店服务很棒
1160,评论,"酒店服务很好,位置一般,总之还行"
1161,评论,环境和服务都很好
1162,评论,酒店内部布置的很温馨
1163,评论,这个酒店超级赞啊
1164,评论,小哥服务态度特别好
1165,评论,店家真的很贴心
1166,评论,在曾厝安很方便
1167,评论,"这相当棒,进门送饮料,出门送特产"
1168,评论,前台美女笑容很甜
1169,评论,环境很棒~服务很好
1170,评论,"环境超赞,掌柜的超好,服务超贴心"
1171,评论,"环境赞,服务非常贴心周到"
1172,评论,"服务周到很热情,房间也很干净整洁"
1173,评论,老板人非常好
1174,评论,"房间干净,算是厦门三天住的最舒服的"
1175,评论,这家家庭旅馆是真的很棒
1176,评论,物美价廉，服务还特别好
1177,评论,店家的服务态度非常好
1178,评论,厦门本来给我感觉就不错
1179,评论,绝对值得点赞
1180,评论,住的很舒服
1181,评论,"服务好,热情,有电瓶摆渡车"
1182,评论,第一港环境不错，态度也很好
1183,评论,真的棒的没话说
1184,评论,前台和服务小哥非常热心体贴
1185,评论,"从入住到离开都很热情,临走还送了小礼品"
1186,评论,"服务很贴心,公交方便"
1187,评论,"房间很好,服务态度也很好"
1188,评论,房子外观装修风格很不错，是我喜欢的类型
1189,评论,客栈环境很好
1190,评论,很不错哟
1191,评论,很有特色的旅馆
1192,评论,"服务周到,非常用心"
1193,评论,"环境好服务好,前台漂亮,小哥贴心"
1194,评论,服务态度很好
1195,评论,"地方很宽敞,店家很热情"
1196,评论,"店内布局很亮眼,房间也很干净"
1197,评论,很不错 很干净 客栈的人都很好
1198,评论,设施很齐全
1199,评论,这次入住非常满意
1200,评论,"服务态度非常好,住宿环境也很干净,整洁"
1201,评论,真的很有家的感觉
1202,评论,前台服务也特别贴心
1203,评论,我真的很喜欢这个客栈
1204,评论,房子公共场所和房间都很棒
1205,评论,"退房还送鼓浪屿特产,总之太棒了"
1206,评论,"老板人特别好,房间非常漂亮"
1207,评论,"店家服务态度很好,住的地方也干净卫生"
1208,评论,屋里摆设还算精致，欧式装修
1209,评论,环境很好
1210,评论,住的很满意
1211,评论,服务满分
1212,评论,"用起来放心,卫生很给力"
1213,评论,第一眼觉得酒店好漂亮
1214,评论,交通也挺方便
1215,评论,"超满意,非常干净,比我想象的好多了"
1216,评论,性价比很高
1217,评论,"服务超级好,进出都有客栈的车接送"
1218,评论,这家客栈的服务给满分
1219,评论,环境好温馨～跟家一样
1220,评论,"感觉环境挺好的,是欧式的装修风格"
1221,评论,"环境赞,服务很贴心"
1222,评论,服务也很好
1223,评论,老板人很热情
1224,评论,"服务超级好,很有风格的一家店"
1225,评论,"环境好,住的舒服,服务也好"
1226,评论,住宿感觉挺好的
1227,评论,"很不错,服务态度很好"
1228,评论,店家人超级好
1229,评论,总体感觉满意
1230,评论,"酒店很不错,里面装修都不错"
1231,评论,超级方便的
1232,评论,"服务贴心,有个自助厨房很好"
1233,评论,"店家人很好,服务也很周到,环境也很好"
1234,评论,"环境干净漂亮,服务很贴心"
1235,评论,"环境不错,很安静"
1236,评论,服务很周到
1237,评论,环境真的是干净又舒适
1238,评论,"特别亲切,前台美女也非常有耐心"
1239,评论,前台和接送人员服务态度都很好
1240,评论,方便的很啊
1241,评论,"感觉很舒心,房间里被子都很干净"
1242,评论,"服务非常热情,环境很好"
1243,评论,"旅馆挺新,环境很好,布置装饰很漂亮"
1244,评论,服务确实很棒
1245,评论,服务态度超级好
1246,评论,"真的很好很温馨,喜欢"
1247,评论,"店家服务态度也很赞,住的很开心"
1248,评论,环境很好
1249,评论,但可能平时来确实很不错的
1250,评论,"店家很热情,人很好,离开店前还有赠品"
1251,评论,我和姐妹一直都在说这个客栈很温馨
1252,评论,小资情调，文艺青年首选
1253,评论,客栈的姐姐哥哥很热情
1254,评论,"环境赞,服务好很温暖"
1255,评论,"房东很好,服务贴心,房间干净"
1256,评论,"酒店环境很小清新,房间干净整洁"
1257,评论,太可爱了
1258,评论,简直太温馨了
1259,评论,"乘坐公交都有很明细的说到,可以自己做饭"
1260,评论,服务很贴心
1261,评论,"服务很贴心,环境还行"
1262,评论,"服务超级好,订的房间床超级大"
1263,评论,"服务很周到,人也很好"
1264,评论,特别温馨
1265,评论,"服务不能再好了,干净,有情调,很讲究"
1266,评论,床品非常干净
1267,评论,楼下服务人员特别周到
1268,评论,太喜欢第一港了👏🏻老板很热情
1269,评论,强烈推荐
1270,评论,"司机小哥服务很好,服务没话说"
1271,评论,"环境好,床上用品跟酒店的一样,超出预期"
1272,评论,"床软硬适中,隔音效果好"
1273,评论,"干净整洁,细节之处考虑得很周到"
1274,评论,都很好
1275,评论,特别的好
1276,评论,"环境赞,服务很贴心"
1277,评论,"但很干净,服务也超级好"
1278,评论,十分推荐这个酒店
1279,评论,去到的时候联系老板就有小哥来路口接
1280,评论,"环境安静,服务很贴心哦"
1281,评论,这是一家温馨的客栈
1282,评论,"酒店环境卫生较好,服务周到"
1283,评论,"感觉真是棒棒哒,卫生很好"
1284,评论,交通是很方便的
1285,评论,"服务很好,房间有点儿小"
1286,评论,感觉非常好!离黄厝沙滩很近
1287,评论,"可以帮我们免费升级房型,很赞"
1288,评论,服务态度特别好
1289,评论,挺好的
1290,评论,环境更是没的说，交通也很方便
1291,评论,"环境赞,服务很贴心"
1292,评论,"环境好,服务超赞"
1293,评论,店家很是热情
1294,评论,店家服务特别好
1295,评论,很干净
1296,评论,客栈前台和司机都很好
1297,评论,酒店布置和图片上一模一样
1298,评论,"周边吃饭的地方很多,厦门的公交车很方便"
1299,评论,"位置还算好找,酒店服务态度特别好"
1300,评论,"布置很温馨啦,前台姐姐人超好,好漂亮"
1301,评论,环境超正，前台态度超好
1302,评论,"酒店装潢还算有些小创意,很喜欢"
1303,评论,客栈老板很好
1304,评论,"服务贴心,环境赞,交通也挺方便"
1305,评论,超级好啊
1306,评论,点评厦门第一港海边度假庄园
1307,评论,"环境赞,服务很贴心"
1308,评论,环境特别美~有天台
1309,评论,"特别是前台都很热情,微笑面对"
1310,评论,"酒店非常舒适,前台妹妹和小哥非常热情"
1311,评论,总体来说还是很不错的
1312,评论,店家人很好
1313,评论,这家民宿真的特别特别好
1314,评论,"洒店房间很干净,装修的很温馨"
1315,评论,退房时还送了份礼物很贴心
1316,评论,干净舒适
1317,评论,客栈有观光车接送
1318,评论,"位置在环岛路也是特别方便,住的很舒服"
1319,评论,点评厦门第一港海边度假庄园
1320,评论,酒店位置好，闹中取静
1321,评论,"地理位置优越,离海边很近"
1322,评论,"小哥服务很贴心,应该加工资,赞"
1323,评论,"很好,服务态度又好"
1324,评论,服务很周到，又细心，有种回家的感觉
1325,评论,"沿海风景29路都能搞定,但总体不喜欢"
1326,评论,服务超赞的
1327,评论,"有一种家的感觉,五星级的服务,专车接送"
1328,评论,"感觉非常好,老板人好服务好"
1329,评论,"真的非常喜欢,环境很好"
1330,评论,"服务态度也很好,环境很漂亮"
1331,评论,出乎预料的好
1332,评论,"住的环境也好,服务也好,总之很满意"
1333,评论,就是浴室比较小
1334,评论,"环境不错,交通也方便,我们很晚到"
1335,评论,房间非常干净温馨
1336,评论,"很棒,图片和实际的房间是一样的"
1337,评论,老板人很好
1338,评论,房间温馨，安静，也很干净
1339,评论,环境很漂亮
1340,评论,店里的小哥还有前台美女都很热情
1341,评论,"住宿环境不错,性价比高"
1342,评论,"客房还可以干净整洁,服务很好"
1343,评论,到房间有家的感觉
1344,评论,"环境赞,每个人的服务都很贴心,热情"
1345,评论,"房间住的干净、舒服,环境挺好"
1346,评论,"环境赞,服务很贴心"
1347,评论,"比较温馨,床舒服,服务热情,环境优美"
1348,评论,超级干净
1349,评论,小哥态度很好
1350,评论,"还好,老板态度可以,下次还会再去"
1351,评论,"地理位置很好,出行非常方便"
1352,评论,服务特别好
1353,评论,"房间味道比较重,隔音效果不好"
1354,评论,"环境赞,服务很贴心"
1355,评论,服务很好~交通便利~去哪都方便
1356,评论,"环境不错,服务也很好"
1357,评论,"小店确实可以,满分,环境好,住起来舒适"
1358,评论,店里小哥开着小电动车随时接送
1359,评论,让人觉得很舒服
1360,评论,"服务很好,环境很好"
1361,评论,服务态度超好的
1362,评论,1、酒店非常好:环境:设施都不错
1363,评论,"环境赞,服务好,设备齐全,很有情调"
1364,评论,房间布置很赞
1365,评论,最后还是看评价定的房
1366,评论,休闲区、走廊都挺有感觉
1367,评论,"酒店在塔头,很温馨,房间里提供碗筷哦"
1368,评论,"民宿的装修非常温馨,很漂亮"
1369,评论,"最值得称赞的是,他们的服务态度"
1370,评论,"环境很好,房间的设施也很棒"
1371,评论,房间很有特色，服务也很好
1372,评论,小哥超热心
1373,评论,"服务态度很好,地处深巷,周边环境一般"
1374,评论,"干净,小哥和前台接待很贴心周到"
1375,评论,"环境赞,服务很贴心"
1376,评论,老板很热心
1377,评论,"环境不错,服务周到,性价比高"
1378,评论,环境舒适
1379,评论,性价比真的挺高的
1380,评论,很开心的一次体验
1381,评论,床很软很舒服
1382,评论,服务态度很好
1383,评论,"服务周到,感谢所有店内员工的热情与好客"
1384,评论,特别温馨
1385,评论,"老板特别好,房间也很干净,特别棒"
1386,评论,"环境不错,有自助厨房,服务热情"
1387,评论,老板人很热情
1388,评论,"服务热情,让我体会到厦门之行特别开心"
1389,评论,住过最贴心的客栈
1390,评论,"环境好,服务贴心,工作人员热情细心"
1391,评论,第一感觉环境很好
1392,评论,"房间很干净整齐,装修比较欧美"
1393,评论,客栈老板服务很热情
1394,评论,"环境很好,离海边和公交站都很近"
1395,评论,个人觉得安全指数是比较高的
1396,评论,服务设施齐全
1397,评论,"很贴心,总的给人的感觉很好"
1398,评论,超级好 超漂亮 超喜欢
1399,评论,"热心,暖暖的,真心有宾至如归的感觉"
1400,评论,装修的很文艺
1401,评论,"很满意,热情周到,位置也不错"
1402,评论,小哥的服务态度都很好
1403,评论,"服务周到,设施齐全,特别好的一次体验"
1404,评论,"非常棒,服务态度也超级棒的"
1405,评论,服务真的超级好
1406,评论,"居住环境很温馨,有情调"
1407,评论,"装修的很漂亮,房间的设置也是特别的好"
1408,评论,服务态度棒棒的
1409,评论,"床很大,床品看上去很有质感"
1410,评论,"房间很温馨,打扫的像5星级哦"
1411,评论,"服务,卫生,网络都很好"
1412,评论,服务态度超级好
1413,评论,让人感觉很温暖
1414,评论,"老板娘人很好,帮我们换大的房间"
1415,评论,真心不错
1416,评论,"很喜欢的风格,老板也很热情"
1417,评论,酒店环境不错
1418,评论,服务特别好
1419,评论,"房子外观很有感觉,大厅也很有设计感"
1420,评论,小哥人也很好
1421,评论,很喜欢这家客栈
1422,评论,服务态度超好
1423,评论,超级赞的 环境是我喜欢的
1424,评论,房间干净整齐
1425,评论,"很小资情调,不错,酒店工作人员很热情"
1426,评论,"店家服务特别好,客栈装修也很新"
1427,评论,装修很漂亮…总之就是推荐推荐推荐
1428,评论,晚上很安静，周边有夜市
1429,评论,服务真的特别到位
1430,评论,"环境不错,房间布置好文艺"
1431,评论,"感觉非常棒,对住宿很挑剔的女儿都很喜欢"
1432,评论,"网上看评论不错才住的这里,服务确实不错"
1433,评论,点评厦门第一港海边度假庄园
1434,评论,"很适合家庭出游,离海边近"
1435,评论,前台接待美女热情的接待
1436,评论,干净，舒适，超乎想象的满意
1437,评论,客栈风格不错
1438,评论,"房间很安静,走出一千米就是环岛路的沙滩"
1439,评论,"客栈人很好,环境也非常棒"
1440,评论,超级棒，又干净又安静
1441,评论,前台的姐姐和小哥特别好
1442,评论,"环境棒棒的,住的条件很干净"
1443,评论,简直是太棒的一家店了
1444,评论,环境好，干净
1445,评论,"老板人很好,前台接待也很好,服务一级棒"
1446,评论,总体满意
1447,评论,"不错,里面环境很好,服务也很好"
1448,评论,"感觉还好,出行还算方便"
1449,评论,"老板很热情,走的时候还送了个小礼品"
1450,评论,服务态度超级好
1451,评论,"环境赞服务特别好,每个人都很热情"
1452,评论,"环境不错,服务也不错,门是密码锁"
1453,评论,房间很有特色
1454,评论,"房间卫生比较干净,各种配套也齐全"
1455,评论,这里的环境很美
1456,评论,"很干净,服务超好,前台小姐很漂亮"
1457,评论,店很有风格，很小清新
1458,评论,"房间干净整洁,很有特色,距离环岛路很近"
1459,评论,安安静静的小渔村
1460,评论,房间真的好大
1461,评论,"WiFi全覆盖,环境很赞,干净利落"
1462,评论,点评厦门第一港海边度假庄园
1463,评论,"走边吃饭方便去海边也近,挺好的"
1464,评论,环境很一把把
1465,评论,非常亲切的一家客栈
1466,评论,"挺好的,有专门接送的电瓶车"
1467,评论,酒店服务态度非常好
1468,评论,房间干净整洁
1469,评论,"但总体来说还是很不错的,干净简洁"
1470,评论,环境不错
1471,评论,房间环境都不错
1472,评论,店家服务也好
1473,评论,价格实惠
1474,评论,房间很干净
1475,评论,"客栈环境还好,周边很差"
1476,评论,"老板人超级好,环境很棒"
1477,评论,很喜欢这间客栈
1478,评论,客栈地段不错
1479,评论,"周围吃的很多,而且交通特别方便"
1480,评论,客栈的小哥小妹服务态度很好
1481,评论,"很好,服务态度很好"
1482,评论,一家很棒的客栈
1483,评论,客栈非常不错
1484,评论,服务环境都很好
1485,评论,"环境很好,安静清雅"
1486,评论,房间非常有特色
1487,评论,店主是很用心在开店
1488,评论,"老板们非常好,提供一些旅游景点介绍"
1489,评论,干净，安静，服务好
1490,评论,"环境不错,很干净,前台非常热情"
1491,评论,服务好，住的舒服
1492,评论,"老板很客气,服务很周到"
1493,评论,很不错的酒店
1494,评论,服务特别周到
1495,评论,这家酒店很不错
1496,评论,"除了位置稍偏,其他都很满意"
1497,评论,酒店条件不错
1498,评论,交通比较便利
1499,评论,"服务很好,环境也很好"
1500,评论,老板人很好很热情
1501,评论,非常好的居住体验
1502,评论,服务真心好
1503,评论,装修和环境都非常好
1504,评论,交通比较方便，出来走10分钟就有车站
1505,评论,"很不错,哈哈"
1506,评论,卫生很干净
1507,评论,"服务很贴心,交通很方便,卫生干净"
1508,评论,点评厦门第一港海边度假庄园
1509,评论,交通很方便
1510,评论,酒店环境非常优美，房间干净整洁
1511,评论,老板人很好
1512,评论,酒店环境不错
1513,评论,总体还是不错
1514,评论,离店还送了礼物 很温暖
1515,评论,"环境不错,设备都很好,真的是超值的选择"
1516,评论,"棒棒哒,空调很给力,选了不后悔"
1517,评论,出門旅行選對酒店真的很重要
1518,评论,价格最完美
1519,评论,非常温馨
1520,评论,服务态度好
1521,评论,服务态度好
1522,评论,"小哥很给力,房门密码锁也很好玩,总之"
1523,评论,总体来说环境不错
1524,评论,温馨的环境
1525,评论,服务态度特别好哦
1526,评论,"服务很好,环境也不错"
1527,评论,客栈环境非常好
1528,评论,价格实惠、服务也好
1529,评论,环境温馨、服务到位
1530,评论,超级漂亮的
1531,评论,店里的人很热情
1532,评论,太棒了
1533,评论,环境太棒
1534,评论,"房间双床榻榻米,很有感觉"
1535,评论,"客栈离海边很近,离曾厝垵也很近"
1536,评论,客栈的环境很不错
1537,评论,"值得推荐,赞赞的"
1538,评论,"店家服务非常好,有电瓶车在巷子口接送"
1539,评论,"服务很好,小哥很亲切,下次还会再来"
1540,评论,可以说是特别有意思的一家客栈
1541,评论,"服务很好,环境也不错"
1542,评论,房间也超级干净
1543,评论,特别的好
1544,评论,超级好的客栈
1545,评论,整体卫生和细节都非常好啦
1546,评论,客栈很好
1547,评论,"这个房间对我来说太好了,房间干净整洁"
1548,评论,环境很好
1549,评论,不错的酒店
1550,评论,服务真的非常到位
1551,评论,"环境不错,服务态度挺好的"
1552,评论,"很漂亮温馨,服务超级棒"
1553,评论,装修的风格很独特…环境真的不错
1554,评论,"环境优美舒适,服务非常细致到位"
1555,评论,"老板人很好,房间很干净,舒适"
1556,评论,"环境很好,总台小妹也好有礼貌"
1557,评论,"有自助厨房方便,装修风格很喜欢"
1558,评论,老板很好 我们很满意
1559,评论,环境真不错
1560,评论,"前台美女很nice,司机小哥很给力"
1561,评论,挺方便的
1562,评论,"环境比较安静,服务贴心"
1563,评论,酒店环境和硬件设施很好
1564,评论,离海边很近
1565,评论,非常好的一家民俗客栈
1566,评论,老板太好了，卫生也很好
1567,评论,"环境好,服务好,前台很贴心还送了纪念品"
1568,评论,很让人舒心
1569,评论,"老板很热心,服务也很到位"
1570,评论,"酒店服务很到位,车接车送"
1571,评论,前台姑娘服务一级棒，人也长得很甜美
1572,评论,非常满意的民宿酒店
1573,评论,服务也很好
1574,评论,点评厦门第一港海边度假庄园
1575,评论,真的很不错的客栈
1576,评论,"服务很热情,交通便利"
1577,评论,"环境好,干净卫生,服务很贴心"
1578,评论,床上用品以及房间都很干净
1579,评论,环境很别致
1580,评论,"这次旅行住得最开心的地方,老板很贴心"
1581,评论,"卫生挺干净的,老板也很热心"
1582,评论,墙壁的隔音效果很好
1583,评论,第一港非常值得推荐
1584,评论,性价比实在太高了
1585,评论,老板人超好
1586,评论,总之这家客栈让人住的很踏实
1587,评论,酒店内部环境非常温馨
1588,评论,"客栈很有特色,适合小情侣去"
1589,评论,很有特色 很有小资情调的民宿
1590,评论,"很好,住的很舒服,交通也很方便"
1591,评论,环境还行
1592,评论,老板人也很好
1593,评论,帮我粘好
1594,评论,点评厦门第一港海边度假庄园
1595,评论,"和朋友一起的出行比较方便,靠海比较近"
1596,评论,很不错前台有专门的观光车
1597,评论,"淡季去住的人不是很多,旅馆在海边"
1598,评论,客栈的服务超好
1599,评论,住的特别舒心
1600,评论,"真的好喜欢这里,环境好"
1601,评论,"性价比高,房间也比较干净"
1602,评论,前台态度非常好
1603,评论,"很好,推荐给朋友了"
1604,评论,环境都还不错
1605,评论,环境很好
1606,评论,真的很漂亮
1607,评论,"最近的曾厝垵,胡里山炮台,白城沙滩"
1608,评论,"客栈蛮有调调的,人也很好"
1609,评论,客栈所处位置很安静
1610,评论,特别漂亮
1611,评论,"店家很好哦,晚上12点多了还出来接送"
1612,评论,"总体很不错,老板很热情"
1613,评论,真是太好了
1614,评论,交通便利
1615,评论,服务很好
1616,评论,非常好的客栈
1617,评论,"很舒适的一家小店,位置很好早"
1618,评论,酒店环境舒适干净
1619,评论,"感觉很好,前台非常热情,客栈环境舒适"
1620,评论,"环境好,服务态度超级棒"
1621,评论,塔头这个地方交通很便利
1622,评论,服务真很到位
1623,评论,"去海边相对方便,客栈所有的人都很热情"
1624,评论,"我觉得住宿最主要是干净,第一港做到了"
1625,评论,老板人很好
1626,评论,很不錯的一家客棧
1627,评论,"环境很好,服务很热情,房间很大"
1628,评论,很安静;房间卫生整洁
1629,评论,整体感觉很赞
1630,评论,"说实话真心不错,很温馨"
1631,评论,很棒的民宿
1632,评论,"超棒,性价比很高,下次一定还去"
1633,评论,"条件好,很清静"
1634,评论,老板人很好，房间也很漂亮的
1635,评论,服务很贴心
1636,评论,"很远很难找,酒店还不错"
1637,评论,客栈自己的小环境很好~老板布置得很不错
1638,评论,服务好的所有的过错都可以被原谅
1639,评论,"很不错,环境很好"
1640,评论,晚上安静，房间装修的也很新
1641,评论,服务真的很不错
1642,评论,很满意
1643,评论,真的很棒
1644,评论,"环境很好,交通便捷,店家人很好"
1645,评论,内部环境很好，干净卫生
1646,评论,公共区域很有情调
1647,评论,各个不同的风格还不错哈…推荐
1648,评论,蛮惊喜的
1649,评论,服务特别好
1650,评论,"出发前很温馨的短信提醒,酒店里面很漂亮"
1651,评论,"很干净,老板也很热情"
1652,评论,很喜欢
1653,评论,环境棒棒，老板棒棒
1654,评论,这次厦门行住得最好的酒店
1655,评论,"前台服务非常热情,人刚一到就送饮料"
1656,评论,服务很周到
1657,评论,强烈推荐
1658,评论,服务态度很好
1659,评论,"环境很好,干净卫生"
1660,评论,装修的很豪华很精美
1661,评论,房间很干净很美
1662,评论,"环境卫生很好,床很舒服"
1663,评论,"晚归早出,所以没什么感觉"
1664,评论,"装修特别有感觉,是我喜欢的风格"
1665,评论,酒店环境不错交通也比较方便很干净
1666,评论,适合家庭出行，情侣，房间很温馨，很有特色
1667,评论,"跟回到家的感觉一样,适合情侣和家人居住"
1668,评论,环境很温馨
1669,评论,"位置比较偏里面,但是服务特别好"
1670,评论,"环境赞,服务很贴心"
1671,评论,超级舒适的住宿感觉好嘛
1672,评论,"悠闲的环境,服务超赞,人也很好"
1673,评论,"离店还送一点小礼品,总之住的很满意"
1674,评论,"环境很好,房间很干净"
1675,评论,性价比超高
1676,评论,让人一进来就是宾至如归的感觉
1677,评论,坐车去哪都十分方便
1678,评论,店家不错
1679,评论,"酒店环境不错,服务超好"
1680,评论,超级棒哦
1681,评论,地理位置不错
1682,评论,"不错,很小清新,店家很热情"
1683,评论,房间给人感觉你舒服
1684,评论,服务态度真的超级好
1685,评论,我只想说服务太热情了
1686,评论,"前台接待的姑娘也好亲切,总之服务非常好"
1687,评论,"超有感觉的一间旅店,整体感觉很棒"
1688,评论,环境不错
1689,评论,"很不错的房间,干净,店家态度也很好"
1690,评论,"真的,超级棒"
1691,评论,"能遇上第一港,幸福指数蹭到顶了"
1692,评论,小院子很美
1693,评论,第一港真的有家的感觉
1694,评论,真的好棒
1695,评论,服务真的是没话说，很好
1696,评论,非常好的服务态度哦
1697,评论,"服务很好,态度也很好"
1698,评论,客栈的装修很漂亮，各种设备都非常齐全
1699,评论,"服务很棒,房间很有特点,小巧精致"
1700,评论,"风格也很好,有蜜月房的感觉"
1701,评论,"感觉很好,服务也很好"
1702,评论,很漂亮
1703,评论,点评厦门第一港海边度假庄园
1704,评论,态度非常好
1705,评论,"因是家庭出行,感觉房间小了点"
1706,评论,"不错环境不错,工作人员也挺好的"
1707,评论,"服务好,干净卫生,还很安静"
1708,评论,服务态度好
1709,评论,环境不错，服务也非常不错
1710,评论,"环境很舒适,赞赞赞,服务很贴心"
1711,评论,工作人员很热情
1712,评论,服务非常热情贴心
1713,评论,房间非常棒
1714,评论,服务也很好
1715,评论,前台美女服务态度很好
1716,评论,设备和环境都不错
1717,评论,很满意
1718,评论,"酒店环境超赞,定了两间都都灰常漂亮"
1719,评论,很棒的民宿
1720,评论,"装修很不错,房间没异味,而且还特别干净"
1721,评论,"服务很热情周到,房间干净卫生"
1722,评论,"非常棒,小哥不厌其烦接送"
1723,评论,"很棒,性价比很高"
1724,评论,不是特别满意
1725,评论,"酒店环境是塔头最好的,服务也很周到"
1726,评论,这家客栈真的很不错哦
1727,评论,老板人很热情
1728,评论,"环境还是不错的,不太好找"
1729,评论,"在这里住了两天,感觉不错"
1730,评论,非常感谢小哥热情周到的服务
1731,评论,"不错的客栈,服务服务非常好,推荐"
1732,评论,"服务很好,老板人也超级好"
1733,评论,"房间装修风格很喜欢,特别值得一提是"
1734,评论,"所以人不是很多,价格也很实惠"
1735,评论,超级棒太棒了
1736,评论,服务各方面真心不错
1737,评论,服务确实很好
1738,评论,房间看起来都很新
1739,评论,非常好
1740,评论,服务非常贴心
1741,评论,"环境不错,店家超好"
1742,评论,"环境很好位置也好,房间很干净很贴心"
1743,评论,"环境赞,服务很贴心,出门回来都有接送"
1744,评论,5分好评
1745,评论,给人的感觉是温馨
1746,评论,"很雅致,老板很热情,服务态度超好"
1747,评论,"位置很好,在塔头,那里有条芒果街"
1748,评论,"环境赞,服务很贴心"
1749,评论,服务和住宿条件都很赞
1750,评论,"非常好的客栈,环境好、服务更好"
1751,评论,"住宿环境很好,店家人很好,卫生很好"
1752,评论,不愧是评价最好的客栈
1753,评论,"我觉得还不错,朋友也满意"
1754,评论,"卫生间也比较干净,总之住的比较舒服"
1755,评论,环境很喜欢
1756,评论,店长真的非常热情
1757,评论,点评厦门第一港海边度假庄园
1758,评论,老板热心
1759,评论,酒店很新
1760,评论,酒店小哥美女态度超好
1761,评论,有档次有格调
1762,评论,前台热忱，房间干净，公寓温暖
1763,评论,非常不错的客栈
1764,评论,位置太里面
1765,评论,老板态度很好
1766,评论,"一出门就有各种小餐馆,水果店,很方便"
1767,评论,"服务很好,房间很漂亮呢"
1768,评论,服务很好
1769,评论,特别贴心
1770,评论,"老板很热情,出入都有观光车接送"
1771,评论,"出门旅行要的就是舒心,入住这么一家旅馆"
1772,评论,"服务很贴心,房间硬件很好"
1773,评论,"老板很亲切,服务周到"
1774,评论,"酒店服务很好,前台美女很热情"
1775,评论,服务真的好的没话说
1776,评论,整体环境很好啊
1777,评论,离店客栈还送了厦门特产
1778,评论,服务还好，就是房间里面太香了
1779,评论,"房间位于黄厝塔头,交通便利,房间超好"
1780,评论,点评厦门第一港海边度假庄园
1781,评论,不错，挺干净的
1782,评论,环境非常好，服务非常周到
1783,评论,性價比很高
1784,评论,"床很软,公交站下来后他们会有车来接"
1785,评论,去景区租个电瓶车倒也是不错的
1786,评论,凌晨两点多到的、还加班来接我们
1787,评论,干净 实惠
1788,评论,环境很不错
1789,评论,"很温馨,服务很贴心"
1790,评论,"环境很赞,服务也很不错,交通也很便捷"
1791,评论,"房间布置很有风格,工作人员服务热情周到"
1792,评论,整体很好啦
1793,评论,很温馨，硬件比较满意
1794,评论,"舒适度很好,房间很小五脏俱全"
1795,评论,房间很干净温馨，位置也不错
1796,评论,"环境非常好,很温馨"
1797,评论,"服务很贴心,态度也超好"
1798,评论,"服务赞赞赞,环境超漂亮,棒棒哒"
1799,评论,酒店有点像家的感觉
1800,评论,价格也都不贵当地人也很热情
1801,评论,对住宿很满意
1802,评论,很有小资的酒店
1803,评论,下次去还会去他家
1804,评论,这家酒店绝对是一个惊喜
1805,评论,前台接待很好服务态度
1806,评论,超级nice的店
1807,评论,服务非常贴心，环境很优美
1808,评论,"他家整体感觉挺清新,干净整洁"
1809,评论,"风格很赞,床舒服,服务很好"
1810,评论,酒店环境超级好
1811,评论,"服务非常好,有小车接送,房子也温馨"
1812,评论,服务很棒的
1813,评论,"找了很多家,最后选择了第一巷"
1814,评论,强烈推荐推荐
1815,评论,"价格也非常美丽,太开心了"
1816,评论,"很是喜欢小店的风格,遇星期天没能续住"
1817,评论,"房间跟图片一样,榻榻米睡的很舒服哦"
1818,评论,"有车接,服务还好"
1819,评论,"很满意的一家民宿,服务很好"
1820,评论,服务态度也不错
1821,评论,"前台很赞,环境很棒"
1822,评论,点评厦门第一港海边度假庄园
1823,评论,送了绿豆馅饼挺好吃哒
1824,评论,服务态度很好
1825,评论,"环境很舒适,装修很洋气"
1826,评论,设施很齐全
1827,评论,房间很宽敞
1828,评论,都很舒服
1829,评论,"特别床超级软,临走时还送了我们一盒馅饼"
1830,评论,看图片真的很不错
1831,评论,来厦门旅游住第一港客栈真的很满意
1832,评论,在这里住了好几天
1833,评论,"每天车还可以接送,特别好"
1834,评论,很棒的入住体验
1835,评论,"离车站很近 离哪里都很近,环境很不错"
1836,评论,"房间很好,服务很热情"
1837,评论,"客栈新,环境很好,安静,宝宝睡的超好"
1838,评论,"哪里好玩,哪里好吃都介绍的很好"
1839,评论,"客栈的环境特别好,舒服"
1840,评论,"客栈像小洋房,很清新,房间很豪华"
1841,评论,"接送的很热情,环境也不错"
1842,评论,服务周到热情
1843,评论,"服务态度好,热情"
1844,评论,"客栈服务态度很好,环境也很好,干净卫生"
1845,评论,还不错
1846,评论,态度很好
1847,评论,果然就是传说中的好评度最高的旅馆
1848,评论,"最喜欢天台,晚上可以上去坐坐吹吹风"
1849,评论,"这家店真的很好很舒服,干净"
1850,评论,"服务很好,电瓶车随时接送,床上用品干净"
1851,评论,环境不错喔
1852,评论,老板很热情
1853,评论,"来后确实和网上传的图片一样,很美丽"
1854,评论,"很温馨,服务很贴心"
1855,评论,非常满意
1856,评论,有种宾至如家的感觉
1857,评论,很有心思的一间客栈
1858,评论,总之住到这里绝对不会错
1859,评论,"总之就是很好很好,家人也很满意"
1860,评论,"酒店很好,服务超棒,装修的也挺好的"
1861,评论,真的有家的感觉，非常好
1862,评论,服务超级棒的
1863,评论,价与实际体验对等
1864,评论,"服务非常好,住宿很舒适也很实惠"
1865,评论,"特别棒,是住过最好的了"
1866,评论,"环境还不错,服务也很棒"
1867,评论,店家很细心
1868,评论,客栈环境卫生很好
1869,评论,"客栈很好,比闹市安静很多"
1870,评论,"真的特别干净,推荐小伙伴们哦"
1871,评论,"太好了,环境好,房间好,前台好,服务好"
1872,评论,环境很棒
1873,评论,"住的最好的一家,态度好服务好,价格优惠"
1874,评论,"房间真的很漂亮,三个晚上的住宿很愉快"
1875,评论,"环境不错,出行方便,老板热情"
1876,评论,服务态度好
1877,评论,"进门是密码锁很安全,服务态度非常好"
1878,评论,"性价比高,推荐入住"
1879,评论,点评厦门第一港海边度假庄园
1880,评论,"环境不错,和图片上一样,服务也很周到"
1881,评论,挺好的
1882,评论,后来定的大床挺棒的
1883,评论,"老板人也超好,位置我觉得最好,无可挑剔"
1884,评论,"老板人很热情,房间也干净"
1885,评论,"很漂亮,工作人员很热情"
1886,评论,每间房子风格不同，主人很热情
1887,评论,环境超棒
1888,评论,"很干净卫生,整洁"
1889,评论,服务热情
1890,评论,特别好的服务态度
1891,评论,"环境很好,服务很棒,住了三个不同的房间"
1892,评论,环境很好
1893,评论,服务真的超级好
1894,评论,"环境优美,服务很好😁"
1895,评论,服务特别好
1896,评论,"环境很好,设施齐全"
1897,评论,感觉挺满意
1898,评论,"环境赞,服务很贴心"
1899,评论,"环境非常好啊,店家也超级热情"
1900,评论,点评厦门第一港海边度假庄园
1901,评论,出行各景点也很方便
1902,评论,前台接待态度没话说
1903,评论,不错的民宿
1904,评论,"前台服务很热情,小哥会接送帮忙提行李"
1905,评论,"很喜欢,交通方便,服务周到"
1906,评论,"不错呦,服务很热情"
1907,评论,"环境好,服务也好,房间干净"
1908,评论,"这个服务是我见过最好的,服务非常的周到"
1909,评论,"老板特别热情,房间很漂亮"
1910,评论,"首先店家态度太好了,来去都是接送"
1911,评论,客栈的工作人员都很热情
1912,评论,"环境很好,拍了很多照片"
1913,评论,"店家很好,环境也还好,设施挺全的"
1914,评论,环境优美
1915,评论,环境还是不错的
1916,评论,干净的酒店，温馨的环境，贴心的服务
1917,评论,服务员非常热情
1918,评论,环境不错
1919,评论,"入住很舒服,环境很好,卫生很干净"
1920,评论,"服务超级好,装修风格很喜欢"
1921,评论,"服务好,卫生干净,5分"
1922,评论,房间很漂亮也很干净
1923,评论,房间特别干净
1924,评论,很温馨的感觉
1925,评论,"最重要的是服务态度超好,各种温馨提示"
1926,评论,卫生间抽水的声音比较大
1927,评论,"干净,服务也不错,私家旅游很适合"
1928,评论,真心推荐
1929,评论,非常满意
1930,评论,"比想像中好很多,干净,出行方便"
1931,评论,客栈的服务真心很赞
1932,评论,"也特别干净,住着很舒服"
1933,评论,服务态度非常好
1934,评论,"房间很温馨,距离景点也不是很远"
1935,评论,"有专车来公交站接人,新装修的,都很干净"
1936,评论,我在去哪儿看了好久才选择这家
1937,评论,"不是很方便,店家很热情"
1938,评论,环境不错价格不贵
1939,评论,"服务态度很好,总的还是不错"
1940,评论,点评厦门第一港海边度假庄园
1941,评论,服务态度真的很好
1942,评论,服务态度很好
1943,评论,"吃饭,交通都很方便~"
1944,评论,总之
1945,评论,出行不太方便，其他还不错
1946,评论,点评厦门第一港海边度假庄园
1947,评论,"客栈干净,布置得不错"
1948,评论,最贴心的是厕所，洗脸池旁还配有洗衣液
1949,评论,两个字:很好
1950,评论,"环境一般,服务很好"
1951,评论,很温馨 漂亮 房间很干净
1952,评论,装饰布置都很别致很有味道
1953,评论,"特别满意,喜欢的房间换着都住了一晚"
1954,评论,"服务态度特别好,车接车送,房间特别干净"
1955,评论,"总之,装修精致,细节到位"
1956,评论,房间干净
1957,评论,"环境很好很,不错的"
1958,评论,"环境真的很不错哦,交通也很方便"
1959,评论,强烈推荐
1960,评论,"房间很漂亮,而且居然做的墙绘"
1961,评论,房间也挺干净，挺值得推荐
1962,评论,店家服务态度又很热情
1963,评论,好好好好好好好好好好好好
1964,评论,"环境不错,工作人员很热情"
1965,评论,很舒适
1966,评论,装修很好
1967,评论,除了地理位置在很深的巷子里
1968,评论,离海边不远
1969,评论,"酒店房间很温馨,老板都特别好"
1970,评论,"挺好的,建议淡季入住"
1971,评论,这里很安静，也很干净，房间很温馨
1972,评论,"好喜欢,干净方便"
1973,评论,"非常漂亮,地理位置也符合我们的预期"
1974,评论,机场到酒店还是很方便的
1975,评论,塔头公交站的29路到各个景点都很方便
1976,评论,老板人也特别好
1977,评论,"环境特别好,出门还有店家的小车送到路来"
1978,评论,"服务很好,房间也很好,下次来还会入住"
1979,评论,"环境好,服务也好"
1980,评论,刚到时对路不是很熟悉，老板亲自出来接
1981,评论,"真的很干净,真的很便宜"
1982,评论,"服务态度特别好,离店还有小礼品"
1983,评论,店家服务态度真心好
1984,评论,"特别棒的客栈,环境好,服务好"
1985,评论,"小店很有特色,环境也不错,硬件也不错"
1986,评论,"环境很好,服务态度超棒"
1987,评论,服务非常好
1988,评论,"客栈也很温馨,人气太高了"
1989,评论,"整体环境不错,酒店态度也很好"
1990,评论,"服务好,环境也很好,推荐大家去厦门入住"
1991,评论,"去厦门最满意的就是住宿,装修的很有味道"
1992,评论,"酒店真心不错,老板也很热情,推荐"
1993,评论,"客栈房间比较干净,老板也很热情"
1994,评论,酒店服务挺好的
1995,评论,环境好…前台服务超好
1996,评论,老板服务员很热情
1997,评论,"环境也特别好,前台也是没得话说"
1998,评论,"有自己独特的风格,总体还行的"
1999,评论,"环境不错,很温馨、选对了"
2000,评论,环境棒
2001,评论,"服务很好,进出接送,设施齐全"
2002,评论,第一港真的很不错
2003,评论,"前台💁🏻很漂亮啊,哈哈哈"
2004,评论,"房间要提前定好,房间的入住率很高啊"
2005,评论,厦门游最好的住宿体验了
2006,评论,服务态度超级好，环境设施高大上
2007,评论,"环境好,服务也好"
2008,评论,房间环境都很不错
2009,评论,"房间也温馨,老板人好,车接车送"
2010,评论,"酒店还不错,服务可以的"
2011,评论,酒店装修的风格太喜欢了
2012,评论,"榻榻米房非常大,也很漂亮"
2013,评论,服务人员超级好
2014,评论,服务很好
2015,评论,酒店非常棒
2016,评论,服务态度特别好
2017,评论,"非常非常好的店家,前台工作人员非常贴心"
2018,评论,"很棒的小店,下次来还会住"
2019,评论,"前台接待很热情,服务很到位"
2020,评论,下次有机会去的话一定还会选择这家
2021,评论,环境很好
2022,评论,服务和环境都超好的
2023,评论,"喜欢房间的温馨细致,老板也很棒"
2024,评论,"酒店很温馨,服务很热情"
2025,评论,家的感觉
2026,评论,房间装修得也不错
2027,评论,"出行很方便,酒店都能接送到外面"
2028,评论,环境不错
2029,评论,酒店里面装修很好很舒服
2030,评论,点评厦门第一港海边度假庄园
2031,评论,"就是房间实在太小了,没地方放东西"
2032,评论,接待的人态度很热情
2033,评论,"老板热情服务周到,下次来还订这家"
2034,评论,在厦门住到的性价比最高的旅馆了
2035,评论,"环境不错,店家很热情"
2036,评论,房间干净漂亮
2037,评论,两张很大的床，而且很软很舒服
2038,评论,"拖鞋可能是被穿过太多次,看起来很脏"
2039,评论,"环境好,服务好,那都好"
2040,评论,房间布置很浪漫
2041,评论,环境真的很好
2042,评论,很好的体验啊
2043,评论,"真的不错,虽然位置不是特别好"
2044,评论,酒店的环境第一眼就给人一种很舒服的感觉
2045,评论,"挺好的,装修风格不错"
2046,评论,推荐入住
2047,评论,住得很舒服
2048,评论,酒店的服务非常的到位
2049,评论,老板相当热情
2050,评论,"很不错的,店家很好,环境不错"
2051,评论,"环境赞,服务很贴心"
2052,评论,"客栈的老板们很热心,接送都很迅速"
2053,评论,"来的几天在修路,不是很方便"
2054,评论,特别好
2055,评论,点评厦门第一港海边度假庄园
2056,评论,超级干净
2057,评论,"房间新,服务好"
2058,评论,"环境好卫生,服务好,店里人还很热情"
2059,评论,"环境很好,精致的小别院,房间也很舒服"
2060,评论,很喜欢这里的环境和装修
2061,评论,"酒店内饰很新颖别致,适合小情侣浪漫出行"
2062,评论,"酒店服务不错,由其是态度非常好"
2063,评论,"环境好,房间很舒适"
2064,评论,"环境很好,服务态度特别好,有旅游车接送"
2065,评论,酒店非常舒适，店员很热情
2066,评论,挺好的 住了三晚
2067,评论,"店家服务很好,房间很干净"
2068,评论,服务都好贴心
2069,评论,房间装修风格都不一样
2070,评论,服务态度超级好环境也很好
2071,评论,"热水很好很热很给力,屋子里也不冷"
2072,评论,老板人也很热情很好
2073,评论,非常漂亮
2074,评论,前台的小姑娘特别热心
2075,评论,特别干净
2076,评论,最后是有一晚没热水洗澡
2077,评论,"客栈不错,装修很潮,小哥不错"
2078,评论,连住三晚都很满意，特别是服务周到
2079,评论,店家人很好
2080,评论,最好的一点是房间跟卫生间都没有异味
2081,评论,房间很干净
2082,评论,酒店装修很有特色
2083,评论,酒店装修很漂亮
2084,评论,服务超级好，住宿环境也不错
2085,评论,"超级美,老板人也很亲切"
2086,评论,服务态度很好
2087,评论,"很滿意,服務很棒"
2088,评论,"房間不大,很溫馨,老媽說像婚房一樣"
2089,评论,"环境好,前台热情,小哥接送,好评"
2090,评论,客栈很新
2091,评论,交通很方便
2092,评论,"总体很满意,舒心的感觉"
2093,评论,点评厦门第一港海边度假庄园
2094,评论,房间装潢还不错 设计小细节挺好看的
2095,评论,"老板很热情,性价比挺高的"
2096,评论,环境不错
2097,评论,酒店的环境和布置也是特别漂亮的
2098,评论,"房间很舒适,服务很不错,出行也较方便"
2099,评论,酒店員工都很親切⋯⋯
2100,评论,入住很舒服
2101,评论,老板很热情
2102,评论,"老板及店员都很热情,房子很漂亮很漂亮"
2103,评论,"房间很新,环境不错,清洁也好"
2104,评论,"环境很好,装修很温馨,值得推荐"
2105,评论,大床房，榻榻米，两层床都住了
2106,评论,性价比超高
2107,评论,"值得再去,工作人员都很好人啊"
2108,评论,"服务特别好,来去都有专车接送"
2109,评论,这是我住过性价比最高的房间
2110,评论,"干净,高大上"
2111,评论,很暖心的酒店
2112,评论,店家服务很周到贴心为客人准备了牛奶
2113,评论,男票说这家确实要给好评哈哈
2114,评论,环境很不错
2115,评论,老板人很好 服务周到
2116,评论,不错就是拖鞋换成一次性比较好
2117,评论,性价比可以
2118,评论,老板人很好
2119,评论,"房间比较小,床单不够清洁,出行还算方便"
2120,评论,很温馨
2121,评论,里面的人都很热情
2122,评论,小哥和前台都很热情
2123,评论,床真的好大
2124,评论,客栈环境很好，很干净
2125,评论,点评厦门第一港海边度假庄园
2126,评论,点评厦门第一港海边度假庄园
2127,评论,"本店房间漂亮,舒适…服务态度很好"
2128,评论,厕所很明亮 没有异味
2129,评论,"工作人员很热情,住宿条件非常不错"
2130,评论,"很不错的客栈,可以自己做饭,离海边很近"
2131,评论,装修风格很喜欢
2132,评论,很有家的感觉
2133,评论,卫生条件还行
2134,评论,酒店环境不错
2135,评论,服务超好
2136,评论,"酒店是塔头里最好的地方,服务好,环境好"
2137,评论,"除了停车,其他很不错"
2138,评论,"环境不错,交通不是很便利"
2139,评论,"对厦门印象非常好,人们的素质都很高"
2140,评论,"第一晚住的房间很大,什么都超级满意"
2141,评论,点评厦门第一港海边度假庄园
2142,评论,"服务态度很好,老板还送了礼物谢谢"
2143,评论,点评厦门第一港海边度假庄园
2144,评论,遇到改造进出很不方便
2145,评论,环境也好
2146,评论,"环境很好,交通便利,服务也好"
2147,评论,"老板人超好,房间干净"
2148,评论,老板真好
2149,评论,住过之后觉得很不错什么都很方便
2150,评论,春节期间入住费用涨了很多
2151,评论,非常棒
2152,评论,"很不错,房间大,装修有氛围,老板很贴心"
2153,评论,"环境不错,很小资"
2154,评论,"地理位置也很好,闹中取静"
2155,评论,老板和伙计都比较好
2156,评论,房间收拾的也很整洁温馨，卫生间也干净
2157,评论,特别喜欢那直径2米4的大圆床
2158,评论,"很不错滴旅店,有帅哥接送,离店送凤梨酥"
2159,评论,老板非常熱心，服務也很周到
2160,评论,"客栈环境很好,服务很贴心,态度很好"
2161,评论,"酒店很舒适,房间很大,装修主题漂亮大气"
2162,评论,"酒店很新,感觉比较干净"
2163,评论,很干净整洁
2164,评论,很干净
2165,评论,"房间还可以吧,比较新"
2166,评论,"环境很好,老板服务也很好"
2167,评论,酒店环境非常好
2168,评论,环境很好
2169,评论,装修得温馨、打扫得干净
2170,评论,"真的不错,房间环境也不错"
2171,评论,店家服务很好
2172,评论,"性价比高,服务态度超好,给满分"
2173,评论,"很不错,每个房间不同的风格各异"
2174,评论,环境很好
2175,评论,服务很好
2176,评论,"酒店设施非常好,老板服务也很周到"
2177,评论,"酒店环境非常好,店里也很热情"
2178,评论,"这家旅馆环境很不错,房间也非常干净"
2179,评论,"环境不错,干净舒服"
2180,评论,公共区域和房间装潢的很温馨
2181,评论,环境不错
2182,评论,浴室取暖器很赞
2183,评论,"价格不算特别实惠,浴霸非常给力"
2184,评论,房间挺好的
2185,评论,"房间干净舒适,装修很漂亮"
2186,评论,环境很好
2187,评论,"客栈很干净漂亮的,我和女儿都很喜欢"
2188,评论,总之是一次心情愉悦的住宿体验
2189,评论,"服务态度好,居住环境好"
2190,评论,"还比较安全,出行也方便"
2191,评论,非常好
2192,评论,真的非常好哦
2193,评论,位置挺好的
2194,评论,"客栈环境不错又干净,前台接待很热情"
2195,评论,"老板还能出来接,虽然很近,哈哈"
2196,评论,服务好
2197,评论,干净卫生
2198,评论,一个客栈能这么干净算很不错了
2199,评论,"老板服务热情,卫生环境交通都很满意"
2200,评论,老板服务特别好
2201,评论,"装修很温馨,小哥负责接送,前台都很热情"
2202,评论,总之就是美得很
2203,评论,很棒的客栈
2204,评论,点评厦门第一港海边度假庄园
2205,评论,总体来说还是不错
2206,评论,"房间很干净,设施齐全"
2207,评论,总之是个不错的客栈
2208,评论,"房间有家的温暖,环境布置很温馨"
2209,评论,很不错的客栈~值得推荐
2210,评论,服务很贴心
2211,评论,"目前为止,这是我住过的最好的一家民宿"
2212,评论,服务非常很好
2213,评论,一定要再住這家
2214,评论,"大圆床很不错,典雅,干净,卫生,舒适"
2215,评论,酒店的装修很新
2216,评论,"非常温馨,干净,顶楼有座椅摇椅"
2217,评论,"床很舒服,实物和图片一样"
2218,评论,特别惊喜的一次入住
2219,评论,很有家的感觉
2220,评论,点评厦门第一港海边度假庄园
2221,评论,"环境很有个性、特色,值得一去"
2222,评论,服务热情、环境也不错
2223,评论,房间还不错
2224,评论,环境还不错
2225,评论,"环境赞,服务很贴心"
2226,评论,"酒店很漂亮,装修的很好,房间非常赞"
2227,评论,总之很满意的
2228,评论,"酒店很温馨,服务非常好"
2229,评论,"老板跟小哥们都很热心,特别好的客栈"
2230,评论,服务态度好棒
2231,评论,个人感觉小了点
2232,评论,住的环境不错
2233,评论,"客栈很漂亮,房间很干净漂亮"
2234,评论,超级非常好
2235,评论,虽然房间不大但是很温馨
2236,评论,真的夸一下店内环境和工作人员的服务
2237,评论,房间很大，床，更大
2238,评论,周边生活方便，出行便利程度尚可
2239,评论,"房间不错,挺温馨"
2240,评论,很满意
2241,评论,真的很棒
2242,评论,点评厦门第一港海边度假庄园
2243,评论,"环境还是不错的,接送方便"
2244,评论,"超级棒的体验,店主特别热情"
2245,评论,总之硬件软件设施都很完备
2246,评论,到客栈以后店家的服务态度很好
2247,评论,"环境好,离闹市区不远,非常安静"
2248,评论,"客栈很温馨,服务不错,电瓶车小哥人很好"
2249,评论,"房间很好服务周到,真的不错"
2250,评论,"真的非常好,老板人很好"
2251,评论,环境温馨
2252,评论,"服务真的超好,房间也很干净"
2253,评论,"服务赞,卫生赞,环境赞"
2254,评论,"环境很好,卫生很好,服务一级棒,赞"
2255,评论,还算比较干净
2256,评论,"5分,环境不错,服务贴心"
2257,评论,酒店环境和服务都很棒很正规
2258,评论,客栈很好哦
2259,评论,很漂亮很情调的旅馆
2260,评论,客栈是美式风格，个人很喜欢
2261,评论,"服务态度很好,适合家庭,情侣,闺密"
2262,评论,虽然不大，但是特别温馨
2263,评论,绝对是我住过最舒服最漂亮的客栈
2264,评论,"网上看到的,评分很高就订了一间"
2265,评论,"细节很用心,工作人员很亲切"
2266,评论,在服务超级好
2267,评论,最近厦门修路好多路都坑坑洼洼
2268,评论,"安静干净,格局也非常有情调也很温馨"
2269,评论,酒店很干净 也很漂亮
2270,评论,"客栈很好,环境、服务各方面都好"
2271,评论,感觉真心不错
2272,评论,"服务非常好,房间很漂亮"
2273,评论,第一港客栈给100个赞
2274,评论,服务很不错
2275,评论,"老板服务很好,热情周到"
2276,评论,酒店环境很赞
2277,评论,酒店服务确实没的说
2278,评论,前台态度很热情
2279,评论,住了两天特别舒服
2280,评论,"价格不用说,超实惠啦"
2281,评论,很好
2282,评论,周边交通方便
2283,评论,"很棒,房间很干净,服务也很好"
2284,评论,"交通便利,服务周到,房间舒适,极其满意"
2285,评论,这是我到目前为止住过最好的民栈了
2286,评论,服务态度好
2287,评论,"走的时候还会送一盒特产馅饼,最佳选择"
2288,评论,总体不错的
2289,评论,整体还不错
2290,评论,整体服务还不错
2291,评论,很温馨的地方
2292,评论,特别贴心
2293,评论,"服务态度很好,房间偏小,位置稍微有点远"
2294,评论,"客栈环境还不错,工作人员都非常友好"
2295,评论,"老板很热情,还给我们特产和饮料喝"
2296,评论,住宿环境很整洁 非常不错
2297,评论,太棒了
2298,评论,"很棒哦,服务很好哦,可以来住"
2299,评论,"服务好,很亲民化,到路口有车接送"
2300,评论,很热情
2301,评论,"客栈环境不错,老板很热情"
2302,评论,环境很好
2303,评论,"位置很好,距离火车站很近"
2304,评论,酒店环境不错
2305,评论,新店，感觉舒服
2306,评论,"服务很贴心,位置好找,出门就是环岛路哦"
2307,评论,这次旅行很棒
2308,评论,"值得一住,接送的小哥很好,接待人员很好"
2309,评论,环境很好
2310,评论,服务态度好
2311,评论,装修很温馨的一座家庭旅馆
2312,评论,"很新的店,布置很美,干净"
2313,评论,店员服务很贴心
2314,评论,在厦门还是很少住到这么不错的酒店
2315,评论,很喜欢这家客栈
2316,评论,环境卫生跟地理位置都很不错
2317,评论,客栈老板服务很好
2318,评论,期待下次去已经是最美村落啦
2319,评论,"卫生不错,房间稍有点小"
2320,评论,"装修很温馨,服务非常好,设施齐全"
2321,评论,自己走很不方便
2322,评论,"服务不错,包接送,还给特产"
2323,评论,特别吵
2324,评论,房间超级美
2325,评论,床铺也干净
2326,评论,店员人超好就房间小点儿
2327,评论,"服务也很好,离店还送了一盒馅饼"
2328,评论,居然百分之百好评
2329,评论,"房间也不错,干净,舒服,服务很贴心"
2330,评论,房子特别好
2331,评论,"店内所有物品都是新装修的,环境很好"
2332,评论,"房间布置的温馨又漂亮,隔音也好"
2333,评论,环境很好性价比也超高
2334,评论,"房间比较小地点比较蹩脚,服务很好"
2335,评论,环境真的非常好
2336,评论,客栈很温馨、干净舒适
2337,评论,环境好 老板热情
2338,评论,作为一家客栈非常不错
2339,评论,服务很热情
2340,评论,"干净,店员态度很好,就是最近在道路改造"
2341,评论,"环境卫生都很满意,让人有回家的感觉"
2342,评论,超级舒服的床和枕头，房间也漂亮
2343,评论,"每个房间一个风格,很干净"
2344,评论,"按地理位置来说,性价比一般"
2345,评论,老板会来接送，非常热情
2346,评论,店家很好
2347,评论,环境特别赞
2348,评论,就是地方不好找
2349,评论,最爱的一家客栈
2350,评论,"最喜欢c座房间格局,床宽空间大"
2351,评论,酒店服务非常好
2352,评论,满分推荐
2353,评论,软件硬件」都不错
2354,评论,"客人住的也会很好,卫生间完全转不开"
2355,评论,112、751等等很多公交车去厦大
2356,评论,"服务很不错,环境也好"
2357,评论,"服务非常好,下次一定还会再去"
2358,评论,很有特点~出门做公交还是挺方便的
2359,评论,服务是挺好的
2360,评论,最棒的是房间里还有浴霸
2361,评论,"装修好,干净卫生,有电瓶车接送"
2362,评论,"第一次住民宿型,感觉特别温馨"
2363,评论,酒店很好
2364,评论,点评厦门第一港海边度假庄园
2365,评论,"施工路不是很好找,房间采光不是很好"
2366,评论,"房间卫生做的很好,装饰的也特别漂亮"
2367,评论,"店家比较热情,房间偏小"
2368,评论,房间布置温馨
2369,评论,"房间干净舒适,装修很漂亮"
2370,评论,环境很好
2371,评论,非常满意
2372,评论,"不错,尤其是服务真的很好"
2373,评论,服务周到
2374,评论,客栈环境不错
2375,评论,"环境赞,服务很贴心"
2376,评论,"环境赞,服务很贴心"
2377,评论,"环境很好,服务很好"
2378,评论,性价比很高
2379,评论,"很喜欢这样得家庭风格,温馨舒适"
2380,评论,"客栈新装修的,所以赶觉很好"
2381,评论,"酒店隐藏在一群建筑之中,有点不太好找"
2382,评论,总之一切满意
2383,评论,总体是不错的
2384,评论,环境特别好
2385,评论,"非常满意…干净,安静"
2386,评论,位置也很方便
2387,评论,个人觉得还是比较值得的
2388,评论,"环境不错,交通也算便利"
2389,评论,"感觉很好,对周边环境不挑剔的话"
2390,评论,"环境真的不错,装修风格也很小清新"
2391,评论,环境很好
2392,评论,这家酒店的服务真心好
2393,评论,相当不错
2394,评论,"网上说的,全好评的店,不错,老板人很好"
2395,评论,"味道还是可以闻到,胜在东西很新"
2396,评论,很干净很温馨
2397,评论,点评厦门第一港海边度假庄园
2398,评论,"纯美式装修,内部环境很棒,床品尤其舒服"
2399,评论,"宾馆环境很棒,服务很好"
2400,评论,"店住服务非常好,没得说的"
2401,评论,房间很干净整洁
2402,评论,"嗯,夏天住这再好不过了,在环岛路附近"
2403,评论,非常靠谱非常热情
2404,评论,"在厦门换了三个住的地方,这个是最满意的"
2405,评论,"服务不错,房间装修的也很好"
2406,评论,"多少有点脏乱狭窄的感觉,其它很不错的"
2407,评论,"服务很好,有车接送,环境也好"
2408,评论,到了之后感觉自己果然没有选错呢
2409,评论,"环境很好,服务很好,规范化管理"
2410,评论,"过街就是环海路,特别方便~推荐"
2411,评论,住在塔头也不是很方便~服务态度还不错
2412,评论,服务十分热情
2413,评论,环境挺好的
2414,评论,环境很好
2415,评论,"服务很热情,没有电梯"
2416,评论,服务环境都不错
2417,评论,环境非常好~服务特别贴心
2418,评论,这个是看着最舒服的
2419,评论,点评厦门第一港海边度假庄园
2420,评论,"环境好,物美价廉超值服务,赞"
2421,评论,非常满意
2422,评论,"客栈工作人员耐心介绍,感觉很好"
2423,评论,很喜欢特别的干净温馨
2424,评论,"经理服务到位,态度很好,房间也比较满意"
2425,评论,"很满意,前台和帅哥们都热情满满"
2426,评论,"很不错的主题客栈哦,环境,卫生都很好"
2427,评论,房间还不错
2428,评论,环境不错
2429,评论,"交通也很便利,最主要的是服务特别棒"
2430,评论,环境很好
2431,评论,有种想一直住下去的感觉
2432,评论,客栈很好
2433,评论,"环境赞,服务很贴心"
2434,评论,"酒店很新,房间很有特色"
2435,评论,整体的风格都是我喜欢的
2436,评论,"小店装修很温馨,小二服务很贴心"
2437,评论,"店家热情周到,环境也很好,卫生干净整洁"
2438,评论,地理位置很方便
2439,评论,真的很不错
2440,评论,"酒店相当漂亮,有电瓶车接送"
2441,评论,隔音效果真的很差
2442,评论,"环境赞,服务很贴心"
2443,评论,"环境一般,服务很贴心"
2444,评论,工作人员都非常热情
2445,评论,"环境最好,设施最齐全,服务最周到的酒店"
2446,评论,"环境赞,服务很贴心"
2447,评论,服务很贴心
2448,评论,老板娘都很热情
2449,评论,"环境很好,老板很热情"
2450,评论,点评厦门第一港海边度假庄园
2451,评论,"服务很热情范围,地理位置方便"
2452,评论,客栈装修的确实很有特色
2453,评论,"总体入住还可以,发票的问题也帮忙解决了"
2454,评论,"有人过来接,很热情,退房后还有饼赠送"
2455,评论,"环境很舒服,服务也好,唯一就是订房晚了"
2456,评论,老板人也特别好
2457,评论,"5分,环境赞,服务很贴心"
2458,评论,"店主很热情周到,给予攻略"
2459,评论,"房间布置很温馨,酒店装修小清新"
2460,评论,服务非常棒
2461,评论,"因为巷子比较深,店家会开电瓶车出来接"
2462,评论,"店家人很好很贴心,环境也很温馨"
2463,评论,"环境赞,服务很贴心,微笑服务"
2464,评论,"小哥好热情,来回接送"
2465,评论,"住过很多民宿,这家是最好的"
2466,评论,"环境赞,服务很热情、贴心"
2467,评论,感觉宾至如归啊
2468,评论,老板好人
2469,评论,毕竟和价格应该还算是很对等的
2470,评论,"价格便宜,重点是服务态度很好"
2471,评论,环境很赞
2472,评论,"床很大,感觉很好"
2473,评论,服务态度很好
2474,评论,"安静,附近吃的不少,前台态度挺好"
2475,评论,"环境赞,服务很贴心"
2476,评论,"住的家庭房,房间很温馨,整体装修不错"
2477,评论,叮嘱我们很多东西
2478,评论,"房间很干净,老板很热情,性价比高"
2479,评论,"酒店环境很好,老板和服务态度也非常不错"
2480,评论,环境非常棒
2481,评论,总体来说服务挺人性化
2482,评论,房间很干净出门可以让小弟送到巷子口
2483,评论,家的感觉
2484,评论,"环境赞,服务很贴心"
2485,评论,"老板人挺好,特别热情"
2486,评论,房间清新舒适很干净
2487,评论,酒店小哥和前台人都超Nice
2488,评论,"服务人员特别的贴心热情,包送包接到村口"
2489,评论,"房间挺新,也很干净"
2490,评论,"5服务好,周边环境一般"
2491,评论,"环境干净整洁,装修很有特色,服务更贴心"
2492,评论,感觉超好
2493,评论,到了店里发现第一港真的很不错
2494,评论,"暖暖的,出入都有接送,服务还是挺好的"
2495,评论,光线很好
2496,评论,另外服务热情周到
2497,评论,"环境好,服务周到"
2498,评论,"服务好,态度好,房间干净"
2499,评论,祝老板生意兴隆
2500,评论,家庭客栈那价格贵了
2501,评论,卫浴居然是toto，很意外
2502,评论,"服务很好,干净"
2503,评论,"服务态度好好,环境也很不错"
2504,评论,很不错的一次入住
2505,评论,"客栈装修很新,设施齐全合理"
2506,评论,非常好的一家客栈
2507,评论,很好，特别喜欢
2508,评论,"热情服务好,人气高"
2509,评论,"店主人很好,出门还有车接送"
2510,评论,"老板很好,服务很好"
2511,评论,"进出有小车接送,房间看起来也很干净"
2512,评论,"非常舒适,服务贴心"
2513,评论,老板和服务生都特别热情
2514,评论,"出门在外,碰到这么好心的人还是很窝心的"
2515,评论,老板都很好
2516,评论,前台给与很大照顾
2517,评论,这家客栈真心不错
2518,评论,老板人超好
2519,评论,就觉得什么都忒好了
2520,评论,老板服务态度非常好
2521,评论,房间非常棒
2522,评论,"客栈装修好漂亮,老板也好热情"
2523,评论,服务很周到
2524,评论,"环境很赞,服务很贴心"
2525,评论,服务态度好
2526,评论,环境非常好
2527,评论,"其他还好吧,店主热情来接"
2528,评论,服务好
2529,评论,"不错,因为早上要早起坐车"
2530,评论,房间特别漂亮
2531,评论,店员服务好好、态度和蔼
2532,评论,"客栈性价比很高,交通也很方便"
2533,评论,服务很贴心
2534,评论,店家很好、很热情
2535,评论,老板人很好
2536,评论,这里环境超级好
2537,评论,"装修的很有情调,服务态度也很有礼貌"
2538,评论,"房间不错,很宽敞干净,地理位置也不错"
2539,评论,总体来说很棒
2540,评论,总之很满意
2541,评论,服务很贴心
2542,评论,环境很赞
2543,评论,"客栈环境不错,服务周到"
2544,评论,"很满意,感谢小李和美女吧台,服务太好了"
2545,评论,感觉房间挺不错
2546,评论,环境赞
2547,评论,酒店很注重细节
2548,评论,店家很热情
2549,评论,"环境卫生不错,设施齐全"
2550,评论,"环境很好,房间很漂亮,干净卫生"
2551,评论,很贴心
2552,评论,离海边很近
2553,评论,"环境很好,值得你拥有"
2554,评论,房间打扫的干干净净
2555,评论,老板人真的好好
2556,评论,酒店比较干净
2557,评论,"环境好,卫生好"
2558,评论,"环境很赞,服务太好了"
2559,评论,"服务好,环境好,下次还会来"
2560,评论,服务热情
2561,评论,环境很好
2562,评论,"订了三间房,就是感觉很干净"
2563,评论,"服务和态度都很好,值得入住"
2564,评论,老板很好
2565,评论,"连续住的很不错,阳光很足"
2566,评论,"环境很好,住的很舒服"
2567,评论,服务和环境都不错
2568,评论,"很干净,装修也不错"
2569,评论,"老板也很热情,交通便利"
2570,评论,环境感觉还应不错的
2571,评论,"环境很好,晚上很安静,村口就是公交车站"
2572,评论,不错不错
2573,评论,温馨，主题很好
2574,评论,床很舒服
2575,评论,环境、服务都很不错
2576,评论,2个帅哥和1位美女太nice了
2577,评论,酒店本身不错
2578,评论,"性价比很高,老板接送"
2579,评论,有接送
2580,评论,服务很好
2581,评论,服务态度好
2582,评论,服务贴心，还送了小礼品哦
2583,评论,环境还比较舒服
2584,评论,环境也很好
2585,评论,"态度很好,房间很漂亮"
2586,评论,"服务特别热情,环境美美哒,属于民宿"
2587,评论,"很喜欢这家客栈,交通便利"
2588,评论,店内装修很温馨
2589,评论,"交通便利,前台亲切友好"
2590,评论,服务态度超级棒，环境特别好
2591,评论,环境好
2592,评论,个人觉得很不错
2593,评论,真心好 入住四天 价钱也便宜
2594,评论,"房间主题很好,服务也很好"
2595,评论,环境不错
2596,评论,整个环境太舒服了
2597,评论,新酒店，附近买水果方便
2598,评论,"服务态度很好,房间很喜欢"
2599,评论,值这个价钱
2600,评论,环境性价比特别的高
2601,评论,酒店很干净
2602,评论,房间很棒
2603,评论,服务很周到
2604,评论,"酒店很干净,老板很热情"
2605,评论,还有自助厨房可以使用非常方便
2606,评论,里面的房间很干净，每个房间风格都不一样
2607,评论,"主题房,里面的洗浴什么都很棒,很有感觉"
2608,评论,"客栈装修很漂亮,15年才开业"
2609,评论,老板太热情了
2610,评论,环境赞 风格更喜欢
2611,评论,老板人特好
2612,评论,"环境优雅,风格别致,服务周到"
2613,评论,环境超好
2614,评论,住宿环境舒适，服务周到
2615,评论,环境特别好
2616,评论,店內的人員都很親切喔
2617,评论,"客栈很有特色,小巧精致,服务态度超好"
2618,评论,前台的小哥和小妹都很热心
2619,评论,"不错,老板好,环境好,服务好"
2620,评论,服务好周到
2621,评论,房间很有特色
2622,评论,环境美
2623,评论,老板很热心
2624,评论,"服务态度非常好,感觉亲切"
2625,评论,"房间很舒服,床单被罩都是新的"
2626,评论,"環境好,服務好"
2627,评论,服务热情
2628,评论,店家蛮热情
2629,评论,酒店的环环境给人很舒心
2630,评论,环境不错 值得去住
2631,评论,"蛮不错的 老板人很好,进店离店都有礼物哦"
2632,评论,房间很漂亮
2633,评论,环境很美很高大上
2634,评论,感觉不错
2635,评论,很漂亮
2636,评论,环境服务态度都超级棒的
2637,评论,非常好
2638,评论,"客栈老板蛮好,很安静,环境也很新"
2639,评论,酒店老板很好
2640,评论,很温馨浪漫
2641,评论,"棒棒的,很喜欢你值得拥有的一间好客栈"
2642,评论,装修很特别
2643,评论,环境还不错
2644,评论,"很好,服务还是环境都不错"
2645,评论,房间干净
2646,评论,在这个地方住了三个房型
2647,评论,两张床都很大
2648,评论,房间很漂亮
2649,评论,真的很不错
2650,评论,服务态度很好
2651,评论,"房间环境很好,设施齐全,出入接送"
2652,评论,老板都态度蛮好的
2653,评论,老板很热情
2654,评论,"环境赞,服务很贴心 非常棒"
2655,评论,老板人很好
2656,评论,客服挺好的
2657,评论,住的很开心
2658,评论,环境很好
2659,评论,"相当好的一家客栈,环境优美"
2660,评论,"很温馨,每个人都很热情"
2661,评论,第一港客栈很别致优雅
2662,评论,老板态度很好哦
2663,评论,非常棒
2664,评论,老板有随时接送服务，卫生特别干净
2665,评论,温馨整洁 有家的感觉
2666,评论,性价比特别高
2667,评论,曾厝安里算好的了
2668,评论,老板服务态度很好
2669,评论,"店家非常贴心,环境很棒"
2670,评论,"客栈人很好,房间也行哦"
2671,评论,对这个客栈整体好评
2672,评论,"酒店服务很好,床也很软很舒服"
2673,评论,非常棒哦 塔头最美的店
2674,评论,因为服务给5星
2675,评论,"能提供一个很好的休息环境,干净、舒适"
2676,评论,"老板很客气,服务很不错"
2677,评论,店家服务态度特别值得肯定
2678,评论,酒店很不错
2679,评论,服务态度很好
2680,评论,非常好看
2681,评论,很温馨，服务也很好
2682,评论,接送，非常到位
2683,评论,酒店整体卫生还不错
2684,评论,环境服务住宿都不错
2685,评论,环境很好
2686,评论,"环境不错,装修风格别出心裁,周边安静"
2687,评论,"酒店很舒服,装修很漂亮,人也很nice"
2688,评论,环境好 服务很贴心
2689,评论,很好呢
2690,评论,客栈还是蛮好的
2691,评论,什么东西都有，齐全
2692,评论,"环境很棒,价格合适,真心推荐"
2693,评论,"环境不错,服务不错就是有点偏"
2694,评论,环境很不错
2695,评论,房间非常漂亮
2696,评论,服务周到
2697,评论,服务态度极好
2698,评论,客栈的总体感觉以及房间的布置真的好棒啊
2699,评论,房间还是很新的
2700,评论,"环境不错,干净、安静,住得比较舒心"
2701,评论,环境好
2702,评论,"环境好,住的舒适"
2703,评论,"因为是新开业,所以感觉比较新,卫生干净"
2704,评论,真心觉得很温馨
2705,评论,"干净,服务到位,环境也非常的好"
2706,评论,老板很热情
2707,评论,榻榻米房间很舒服
2708,评论,"卫生一如既往的好,优雅的居住环境"
2709,评论,淋浴舒服
2710,评论,超级棒，很干净
2711,评论,去厦门一定要住的客栈，尤其是榻榻米房间
2712,评论,很安静，干净，老板态度很好
2713,评论,真的很漂亮啊
2714,评论,"酒店服务环境都特别棒,住的很舒心"
2715,评论,很热情
2716,评论,客栈很棒，安静
2717,评论,绝对是这次厦门行最美好的经历之一
2718,评论,服务态度很好
2719,评论,服务真的很贴心
2720,评论,"有家的感觉,客栈的人都很友善"
2721,评论,"很好的,酒店一直是那么好的态度"
2722,评论,环境干净卫生
2723,评论,"房间很大,卫生间也不错"
2724,评论,环境很好
2725,评论,非常温馨舒适浪漫的客栈
2726,评论,"环境优美,住的很舒服"
2727,评论,"出去玩了这么多次,第一次态度好"
2728,评论,非常贴心
2729,评论,"服务特别好,房间很大很舒适"
2730,评论,老板们都很热情
2731,评论,店家热情
2732,评论,"房间环境好,离海边又很近"
2733,评论,装修很别致
2734,评论,"客栈很有特色,环境也不错"
2735,评论,也是让大家感觉就像在家一样舒服
2736,评论,"比曾厝垵好太多了,这家环境"
2737,评论,"环境好是最基本的,硬件很齐全"
2738,评论,"环境赞,服务很贴心"
2739,评论,"房间很温馨,服务很周到"
2740,评论,"服务好,房间舒适,性价比高"
2741,评论,真心觉得这民宿超赞，很新，而且好有特色
2742,评论,酒店很温馨
2743,评论,环境特别棒
2744,评论,"环境赞,服务很热情"
2745,评论,"环境超级好,老板也很好人"
2746,评论,老板服务特别好
2747,评论,"第一天去住的地方,交通很方便"
2748,评论,价格实惠
2749,评论,环境不错
2750,评论,超级好的房间
2751,评论,真的太好了
2752,评论,"很好,服务好,可以接送进出"
2753,评论,环境超级美好
2754,评论,"非常方便,值得入住"
2755,评论,来厦门旅游的人们强烈推荐这家店
2756,评论,给了一种宾至如归的感觉
2757,评论,同学和我们都挺满意的
2758,评论,房间也很漂亮 老板和工作人员人都很好
2759,评论,"环境卫生很好,床很舒服"
2760,评论,"装修太美了,床也很好睡"
2761,评论,这次选的这家旅馆比较特色
2762,评论,休闲舒适，服务不错，配备齐全
2763,评论,工作人员很热心
2764,评论,"服务超好,环境很漂亮很温馨"
2765,评论,"老板人很好,走的时候还送了盒鼓浪屿特产"
2766,评论,服务很到位咯
2767,评论,老板人超级好又温柔
2768,评论,"房间很干净,整洁,和图片上的一样美好"
2769,评论,"服务人性,温馨如家,旅行中最贴心的家"
2770,评论,"服务质量好,环境漂亮,设施完善"
2771,评论,"卫生,舒适"
2772,评论,"房间小巧干净,很小清新"
2773,评论,住的环境真的好好
2774,评论,服務貼心
2775,评论,环境不错
2776,评论,出门有很多餐馆
2777,评论,"很有free的一家酒店,不错"
2778,评论,"很不错的一家客栈,老板很热情"
2779,评论,"不错,房间装修有个性,店家服务也很好"
2780,评论,房间好棒
2781,评论,"走路大概10分钟以内,客栈人员都很好"
2782,评论,"边上的海鲜不错,水果摊很多"
2783,评论,大圆床很漂亮
2784,评论,"国庆爆满,老板好不容易调了一间给我"
2785,评论,"环境很好,老板很健谈,新装修"
2786,评论,"卫生环境很好,进去看的很舒服"
2787,评论,"小孩很喜欢塌塌米的床,玩的不亦乐乎"
2788,评论,酒店还是比较温馨的
2789,评论,环境很舒服
2790,评论,酒店真心不错
2791,评论,"服务态度很好,环境不错"
2792,评论,"环境,店家的态度,性价比都相当不错"
2793,评论,"住的很开心,老板人真的很好"
2794,评论,"环境好,干净整洁有雅致"
2795,评论,"性价比较高,设施都很新,希望更加完善"
2796,评论,老板很客气
2797,评论,"服务非带好,有特色,热情"
2798,评论,"客栈装修很有特色,服务也很好"
2799,评论,路很好找
2800,评论,"很干净的房间,老板人也很好"
2801,评论,"服务态度很好,店家特别热情"
2802,评论,"店里人很亲切,有接送,房间也干净漂亮"
2803,评论,还可以
2804,评论,空间大 设施全
2805,评论,服务好
2806,评论,很舒心的一段旅程
2807,评论,环境设施非常好
2808,评论,客栈设施、服务、环境都很好
2809,评论,房间真的很小除了床基本什么放不下
2810,评论,店里的老板们很热心、真心不错
2811,评论,"房间很干净,和网上图片一样,主题也多"
2812,评论,各种设施很完备
2813,评论,因为这里比其他住的环境好，卫生
2814,评论,总体不错的
2815,评论,老板服务态度很好
2816,评论,环境好
2817,评论,"设施很好很齐全,装修很温馨高大上"
2818,评论,"环境很好,干净,舒服,服务很好"
2819,评论,点评厦门第一港海边度假庄园
2820,评论,"房间装修挺漂亮的,服务态度也不错"
2821,评论,老板特别热情
2822,评论,"客栈服务很棒,住了七天"
2823,评论,位置也是相当的好找
2824,评论,"服务好,退房还送了特产,有车送出"
2825,评论,老板和员工人很好
2826,评论,"位置很好,交通便利"
2827,评论,感觉就是很不错
2828,评论,"床很软,各种装修高大上,总之超值"
2829,评论,交通还挺方便
2830,评论,超级好的服务，酒店行业该有的态度
2831,评论,房间的装修很漂亮
2832,评论,很卫生
2833,评论,"环岛路骑车,最后去了曾厝安吃小吃"
2834,评论,房间设计精美
2835,评论,"一连住了好几天,不同主题的房间换着住"
2836,评论,"挺好的,舒服,位置比较好找"
2837,评论,"挺好的,干净卫生,性价比高"
2838,评论,"设备也很齐全,比连锁酒店好太多"
2839,评论,"环境,服务都非常好哦"
2840,评论,干净 老板人也好
2841,评论,"环境不错,注重细节"
2842,评论,酒店装修风格清丽雅致
2843,评论,环境不错，布置的很温馨
2844,评论,"比我们想象的好太多了,很温馨"
2845,评论,"房间干净卫生,老板服务态度好"
2846,评论,服务好
2847,评论,"洗手间很好,服务也很好"
2848,评论,车不好开进去
2849,评论,"不错,跟图片符合,帅哥还出来搭我们"
2850,评论,房间真心不错，老板服务也很贴心
2851,评论,"客栈的卫生还好,房间的装饰令人感到舒适"
2852,评论,"客栈内部装修,客房的视觉效果都很不错"
2853,评论,住过最良心的民宿
2854,评论,"房间很大,床很软很舒服"
2855,评论,"房间设施很好,服务也非常不错"
2856,评论,"客栈老板用心经营,希望越做越好"
2857,评论,"环境很好,屋里很干净,服务周到"
2858,评论,店家很好送饮料送点心的
2859,评论,店主热情
2860,评论,"不错,很热情"
2861,评论,"老板服务非常好,酒店环境也不错"
2862,评论,"环境超级好,老板也很热情"
2863,评论,"环境好,服务赞"
2864,评论,挺不错的
2865,评论,天台很适合晾衣服
2866,评论,"很干净舒适,服务态度很好"
2867,评论,十分不错
2868,评论,"很漂亮很温馨,床垫很好,睡得很舒服"
2869,评论,老板很热情
2870,评论,"装修很清新,卫浴比较棒"
2871,评论,"服务员很热情,酒店还可以自助做饭和洗衣"
2872,评论,服务很棒
2873,评论,"老板很热情,房间也很好"
2874,评论,最后一天帮我们升级了房间
2875,评论,"酒店环境很好,前台服务也很好"
2876,评论,"很好,环境,房间小了点,其他的都不错"
2877,评论,酒店很漂亮
2878,评论,很好 干净卫生
2879,评论,"酒店很新,设施都很齐全,装修也非常漂亮"
2880,评论,"位置比较方便,出门就是车站"
2881,评论,"紧挨环岛路,附近的沙滩很干净"
2882,评论,"态度好,房间装饰漂亮"
2883,评论,环境很舒服
2884,评论,"客栈很漂亮,符合我的要求"
2885,评论,"服务态度很好,酒店很温馨"
2886,评论,"前台很热情,房间很干净"
2887,评论,真心不错
2888,评论,"环境不错,服务也挺好,房间干净"
2889,评论,"真的很不错,来厦门值得一住的小店"
2890,评论,对于在外旅游的人们很有家的感觉
2891,评论,"环境不错,老板人好"
2892,评论,"环境和服务都很好,老板也很热情"
2893,评论,酒店挺不错的
2894,评论,舒适，环境优美，干净整洁
2895,评论,"东西都很新,住得很舒服,服务也很好"
2896,评论,"酒店非常好,装潢精致"
2897,评论,环境好，服务特优，价格实在
2898,评论,环境很好
2899,评论,交通很方便
2900,评论,房门密码锁很安全
2901,评论,服务超级棒
2902,评论,环境好 位置好 老板好 wifi好
2903,评论,房间设计的非常棒
2904,评论,客栈比较新装修的不错
2905,评论,"环境超美的,前台美女也很客气"
2906,评论,"装修环境都不错,老板人很好很热情很贴心"
2907,评论,很好，很不错，服务也很贴心
2908,评论,酒店环境很好
2909,评论,"相当错的家庭旅馆,装修风格很有特色"
2910,评论,"房间很新很干净,住得很愉快"
2911,评论,"很新,床单很干净,价格实惠"
2912,评论,"环境舒适,老板很热情周到"
2913,评论,"店员都很热心,卫生也好,价格实惠"
2914,评论,房子很漂亮，房间也都是一样的主题
2915,评论,"宾至如归,住着非常舒适"
2916,评论,"干净,温馨"
2917,评论,"非常棒的旅馆,环境舒适"
2918,评论,"酒店很棒,住的很舒服"
2919,评论,很干净很舒服
2920,评论,房间很漂亮
2921,评论,装修也很讲究
2922,评论,"忘记拍照了,酒店挺好的,服务也不错"
2923,评论,酒店很让我惊喜
2924,评论,方方面面都很到位
2925,评论,房间很干净
2926,评论,不错
2927,评论,装修有特色
2928,评论,"环境好,隔音效果蛮好,装修精致,服务赞"
2929,评论,"卫生好,环境舒适,服务赞"
2930,评论,"居住环境不错,服务热情"
2931,评论,入住后感觉确实如先前看到网评一样
2932,评论,房间很好看，也很安静
2933,评论,感觉好舒服好温馨的感觉
2934,评论,充满家与艺术的味道
2935,评论,客栈质量很不错，卫生干净
2936,评论,服务很赞
2937,评论,环境还可以
2938,评论,很窝心很好的酒店
2939,评论,住宿环境很小资
2940,评论,"很满意,所有酒店介绍和评论都是真实的"
2941,评论,"客栈很新，很干净,服务也很好"
2942,评论,"环境不错,服务贴心,推荐"
2943,评论,"装修独树一帜,值居住,很棒"
2944,评论,酒店环境不错
2945,评论,"离环岛路很近,出去骑行环岛路蛮方便"
2946,评论,酒店真的很棒
2947,评论,"很安静,交通方便,出门就是小吃一条街"
2948,评论,条件设施很好
2949,评论,"环境不错,老板很赞很贴心"
2950,评论,"各种不错老板人,服务态度,有车子接送"
2951,评论,"非常满意,不错,推荐入住"
2952,评论,客栈特别棒
2953,评论,"酒店特别棒,哥哥姐姐特别好"
2954,评论,这次要绝对的好评、有机会还来、哈哈
2955,评论,其它什么都很满意
2956,评论,太偏僻了
2957,评论,老板不错
2958,评论,"很不错,老板很热情,还给我们换了房间"
2959,评论,环境特别好，服务超级棒
2960,评论,还不错
2961,评论,很喜欢他家的风格设计，还有自助厨房
2962,评论,客栈很干净
2963,评论,"环境挺干净的,服务特别好"
2964,评论,性价比高
2965,评论,"主要服务也很好,位置也超棒"
2966,评论,老板人非常真诚热情
2967,评论,环境、服务都不错
2968,评论,"很好的客栈,温馨,舒适"
2969,评论,"环境不错,周围很安静"
2970,评论,很舒服，环境也不错
2971,评论,"环境很好,服务也好"
2972,评论,环境什么的都还可以就是太偏僻了不好找
2973,评论,"环境不错,戴眼镜的小帅哥很好"
2974,评论,印象非常满意
2975,评论,"环境不错,干净,老板贴心,推荐入住"
2976,评论,"清新干净,是新装修的,服务很热情"
2977,评论,进来时的路太窄，不好找
2978,评论,"环境不错,价格也实惠"
2979,评论,卫生很干净
2980,评论,很安静很干净很温馨
2981,评论,态度超好
2982,评论,很不错~值得推荐的一家客栈
2983,评论,"酒店很好,住的很舒服"
2984,评论,"客栈很漂亮,服务态度很好"
2985,评论,"在环岛路这带旅馆独树一帜,很棒"
2986,评论,客栈很有特色，设施都很好
2987,评论,真是配备齐全，很舒服
2988,评论,极力推荐
2989,评论,"老板很热情,环境不错"
2990,评论,很不错
2991,评论,环境超赞
2992,评论,很好的环境
2993,评论,"房间有点小,但是装修很好"
2994,评论,"旅途中有了温馨的感觉,下次一定还来这里"
2995,评论,客栈环境卫生不错，出行也很方便
2996,评论,酒店环境 服务 价格都不错
2997,评论,酒店里的设施很新
2998,评论,客栈的公共区域布置不错
2999,评论,"非常好,老板服务热情"
3000,评论,"环境很好,老板人也很好"
3001,评论,环境真的很好
3002,评论,"还是很不错的,风格和图片差不多"
3003,评论,"环境不错,设施都很齐全,店员也超级热情"
3004,评论,"一站式的服务,感觉到了家"
3005,评论,环境不错
3006,评论,"房间虽然小了些但是很干净,住着舒服"
3007,评论,服务很热情
3008,评论,"第二次来了,很晚才到,老板很热心"
3009,评论,房间内非常好，工作人员热情
3010,评论,"舒适的房间,热情的店员"
3011,评论,老板超级好
3012,评论,非常非常好的一家客栈噢
3013,评论,客栈设施很齐全
3014,评论,"环境很好,住了两天,老板人很好"
3015,评论,"我们带着孩子行李特别给力,值得推荐"
3016,评论,还是不错
3017,评论,酒店环境干净卫生
3018,评论,酒店的环境不错
3019,评论,房间很干净
3020,评论,房间很干净很新
3021,评论,"超美超好,老板人特别特别好"
3022,评论,"环境好,服务赞"
3023,评论,好好好好好好好好好好
3024,评论,"房间很干净,前台很热情"
3025,评论,"此次体验很开心,推荐,赞一个"
3026,评论,装修特别漂亮
3027,评论,最主要的是服务特好
3028,评论,"环境好,服务赞"
3029,评论,最主要店家服务态度超好哦，非常体贴
3030,评论,"环境幽静,老板很热情,出门打车方便"
3031,评论,店员们都很热情
3032,评论,"老板还是很诚心的沟通,加油吧"
3033,评论,房间很干净，卫生
3034,评论,"环境很漂亮,装修很漂亮"
3035,评论,第二次去感觉像回家了
3036,评论,已经是第二次去了
3037,评论,"各方面都很满意,老板热情贴心"
3038,评论,"环境很温馨,房间干净整洁,床铺也舒适"
3039,评论,"环境好,服务周到"
3040,评论,服务挺好的 卫生都挺好的
3041,评论,"酒店位置很方便,离小吃街很近"
3042,评论,房间很好
3043,评论,环境很好
3044,评论,挺好的
3045,评论,这家酒店地理位置好
3046,评论,"环境不错,前台服务很好"
3047,评论,"真心好,老板热情,搞得我们都不好意思了"
3048,评论,"环境非常好,住的太舒服了"
3049,评论,前台的姐姐人特别nice
3050,评论,"环境特别好,给客人一种很温馨的感觉"
3051,评论,新装修的，比较干净
3052,评论,新装修的比较干净卫生
3053,评论,环境好
3054,评论,环境和房间都好
3055,评论,"酒店很好,房间很喜欢"
3056,评论,"服务态度好,干净整洁,主题式比较有特色"
3057,评论,让第一次入驻的我有耳目一新的感觉
3058,评论,"老板免费升级了大床房,很漂亮"
3059,评论,就是隔音不太好
3060,评论,在周边环境中应该是很不错的家庭旅馆了
3061,评论,客栈给人的第一印象很温馨
3062,评论,环境很好
3063,评论,"环境好,服务赞"
3064,评论,店家人很好
3065,评论,"环境很好,服务热情"
3066,评论,"内部情况和照片上一样好,淋浴房很大"
3067,评论,装修的很有特色
3068,评论,"很不错的酒店,干净,卫生"
3069,评论,很棒的旅馆
3070,评论,"客栈很精致,老板很讲究细节"
3071,评论,"态度好,服务好,干净"
3072,评论,"很不错,干净卫生,床单是每天换的"
3073,评论,环境很好
3074,评论,"环境好,装修也很好"
3075,评论,非常满意
3076,评论,酒店环境不错
3077,评论,物超所值
3078,评论,强烈推荐
3079,评论,房间环境不错
3080,评论,"环境好,服务也好"
3081,评论,说是住过最好的宾馆
3082,评论,"老板很赞很贴心,干净美丽"
3083,评论,房间很好
3084,评论,主题风格好
3085,评论,性價比高
3086,评论,很漂亮
3087,评论,环境不错
3088,评论,"环境好好,服务员也好"
3089,评论,环境不错
3090,评论,环境超好，安静温馨整洁
3091,评论,客栈环境很好
3092,评论,态度挺好
3093,评论,"环境温馨,服务赞,赠送的礼物很有新意"
3094,评论,"价格适中,环境还蛮不错的"
3095,评论,"老板人不错哦,这里是可以值得去住一下的"
3096,评论,"环境很好,和图片一模一样"
3097,评论,总的来说还是不错
3098,评论,还不错
3099,评论,入住很顺利
3100,评论,这家旅馆真的好得超出想象
3101,评论,非常不错的酒店
3102,评论,新开的都很好
3103,评论,酒店很不错
3104,评论,"周边还有一条小吃街,芒果好好吃"
3105,评论,"房间很温馨,东西也很齐全"
3106,评论,住的很舒服
3107,评论,服务很热情
3108,评论,"卫生间非常好用,干净清爽"
3109,评论,酒店装修不错
3110,评论,非常满意
3111,评论,"非常棒,风格美、服务好"
3112,评论,"微笑服务很贴心,客栈很有特色"
3113,评论,这家酒店环境很好
3114,评论,很遗憾这次因为台风没能去厦门
3115,评论,连住了3晚工作人员都很热情
3116,评论,"住了好多天,房间很漂亮,热水也比较充足"
3117,评论,"各方面都很好,老板也很nice"
3118,评论,老板很赞很贴心
3119,评论,"老板非常热情,环境是那一代最好的了"
3120,评论,"环境优雅,房间干净整洁,老板很热情"
3121,评论,服务超赞，干净
3122,评论,房间不错
3123,评论,很温馨很舒服的一家客栈
3124,评论,"真的很棒,房间高大上"
3125,评论,客栈服务员挺热情
3126,评论,"不错,价格很合理"
3127,评论,"很温馨的旅馆,老板人也超级好"
3128,评论,"店家服务很好,装修也很用心"
3129,评论,有特色、最主要是非常干净
3130,评论,酒店卫生干净舒适
3131,评论,到海边也很近
3132,评论,"环境超赞,装修很别致,服务也十分到位"
3133,评论,"老板非常熱情,房間裝俢設計有創意"
3134,评论,"去哪儿定的,便宜实惠,很满意"
3135,评论,"很有特色,厨房,洗衣机干净实用"
3136,评论,"很有特色,老板热心,周到"
3137,评论,"环境不错,老板人不赖"
3138,评论,"环境不错,物有所值'前台服务也蛮好的"
3139,评论,"全家都非常满意,特别小朋友们"
3140,评论,"不错哦,房间很干净"
3141,评论,"前台小哥还出来接,好感动"
3142,评论,"环境很不错,位置也很好找"
3143,评论,很好
3144,评论,"环境非常好,院里装饰的很漂亮"
3145,评论,外观很漂亮
3146,评论,"干净整洁,房间里面很漂亮,赞"
3147,评论,真心不错
3148,评论,"前台服务特别好,房间也特别干净"
3149,评论,"房间很漂亮,外面景色也挺漂亮"
3150,评论,"环境超好,前台帅哥超热情,各种回答问题"
3151,评论,"客栈很喜欢,干净,舒适"
3152,评论,房间挺不错的
3153,评论,"交通方便,新装修,风格各异,卫生间干净"
3154,评论,环境不错
3155,评论,客栈细节做的非常好，店员服务也很热情周到
3156,评论,"老板态度非常好,环境也很棒"
3157,评论,"态度好,位置好,环境好"
3158,评论,配套齐全
3159,评论,"换了三个不同风格的房间,都很喜欢"
3160,评论,"住的很舒服,各方面配套齐全,有家的味道"
3161,评论,"环境特别好,店家很热情"
3162,评论,"老板人很好,环境也干净"
3163,评论,"感觉很不错,喜欢"
3164,评论,"性价比特别高,老板也很好"
3165,评论,"环境不错,与描述一致,非常喜欢哟"
3166,评论,"环境好,服务好"
3167,评论,"客栈是新装修的,环境挺好的"
3168,评论,环境非常好
3169,评论,装修的很漂亮
3170,评论,"环境很好,服务态度也非常好"
3171,评论,环境很不错
3172,评论,"房间很温馨,老板人也很好"
3173,评论,环境很有厦门特色
3174,评论,"环境好,服务好"
3175,评论,"环境不错,老板很赞 很贴心"
3176,评论,环境很好很干净
3177,评论,"环境卫生干净,服务态度很好"
3178,评论,"客栈是新开的,各方面都不错"
3179,评论,环境不错 干净
3180,评论,客栈的环境好，卫生好
3181,评论,"不错的客栈,装修风格都很喜欢"
3182,评论,出门就是小吃街 还有海边 环境好
3183,评论,"房间小但很精致,店主很热情"
3184,评论,"床很大,房间很好,整体是一个四层的别墅"
3185,评论,"非常好,服务态度"
3186,评论,感觉很舒适
3187,评论,"环境真的很好,路口接的,服务很好"
3188,评论,环境舒适安静，服务一级棒
3189,评论,房间与图片上一模一样
3190,评论,"老板还蛮热情的,房间也安静,很适合休息"
3191,评论,服务态度非常好
3192,评论,环境不错
3193,评论,"环境好,服务"
3194,评论,"物品很齐全,服务很好,值得一去"
3195,评论,客栈环境超赞
3196,评论,酒店公共设施十分适合情侣和家庭旅游
3197,评论,"我喜欢这家客栈,老板服务特别好"
3198,评论,这样的价格有这样的房间还是很满意了
3199,评论,服务很贴心
3200,评论,"服务也很好,希望以后打扫速度能更快些"
3201,评论,"去各个景点也很方便,美的很"
3202,评论,"房间条件也很好,床很大"
3203,评论,环境温馨
3204,评论,客栈的服务人员特别热情
3205,评论,不错的店
3206,评论,是住的最舒服的一天
3207,评论,装修风格跟大家拍照以及描述的一致
3208,评论,"很漂亮,卫生也可以的,离海边也很近"
3209,评论,"前台的小姐人也很好,环境很好"
3210,评论,环境超好
3211,评论,整体环境很好
3212,评论,"环境不错,态度也好"
3213,评论,"态度还不错,环境也不错"
3214,评论,服务态度很好
3215,评论,房间超级新
3216,评论,"装修很有特色,干净卫生"
3217,评论,环境很好
3218,评论,"老板很热情,客栈环境很好"
3219,评论,感觉很不错
3220,评论,满满五分
3221,评论,客栈住的放心，老板人也热情
3222,评论,"环境非常好,离海也很近,老板很nice"
3223,评论,真心不错
3224,评论,服务一流
3225,评论,环境非常不错
3226,评论,"来到厦门住的最满意的一间房,房间很漂亮"
3227,评论,老板也很实在
3228,评论,"不错,房间很新,态度也很好"
3229,评论,离海边很近
3230,评论,非常喜欢的一家酒店
3231,评论,"住过的最好的酒店,性价比超高"
3232,评论,很精致的小客栈，很喜欢
3233,评论,还可以吧
3234,评论,客栈装修不错，住着也很舒服
3235,评论,环境很好
3236,评论,"客栈很漂亮,住起来特别舒服"
3237,评论,老板人很热情
3238,评论,"环境好,是我目前住过最漂亮的酒店"
3239,评论,环境很好
3240,评论,环境不错，刚装修的
3241,评论,临别时店家又送小点心
3242,评论,下次还会选择这里
3243,评论,干净
3244,评论,环境很好
3245,评论,非常满意的一次入住
3246,评论,环境很不错
3247,评论,在海边也方便
3248,评论,有家的感觉
3249,评论,"很漂亮的房间,店家很用心"
3250,评论,老板工作人员服务态度超好
3251,评论,真的超棒
3252,评论,"其他都好,就是感觉被骗了"
3253,评论,性价比很高的客栈
3254,评论,设计真的很漂亮
3255,评论,"一点都不想去到外地的感觉,房间也很用心"
3256,评论,"老板很热情,服务态度好,房间也很干净"
3257,评论,环境非常不错，棒棒嗒，价格也很实惠
3258,评论,环境特别好
3259,评论,设施都是全新的
3260,评论,总之来了绝对不会后悔
3261,评论,"老板非常热情,有家的感觉"
3262,评论,环境很棒
3263,评论,很乾淨
3264,评论,"环境好,老板态度好"
3265,评论,总之我觉得非常的棒
3266,评论,服务态度很好
3267,评论,"酒店环境很好,老板也好说话"
3268,评论,环境很好
